"Lemma","Discriminator","Dialect","Supertype","Morphotype","Features","Sememe","Definition","Examples","Synonyms","Gloss","Frequency","Etymology","Etymological notes"
"a",,,"D",,,"saruyo ",,,,,,,
"abandon",,,"V",,"DO","latusu ",,,,,,,
"able",1,,"AN",,,"zekupa ",,,,,,,
"about",,,"P",,,"ruguhu ",,,,,,,
"absorb",,,"V",,"DO","matube ",,,,,,,
"accept",,,"V",,"DO","dabini ",,,,,,,
"accept",,,"V",,"DO","colima ",,,,,,,
"accompany",,,"V",,"DO to","yojobe ",,,,,,,
"acid",,,"N",,"U ","resoki ",,,,,,,
"acknowledge",,,"V",,"DO","jotofo ",,,,,,,
"acorn",,,"N",,"C ","palana ",,,,,,,
"acquire",,,"V",,"DO","bulihe ",,,,,,,
"actual",,,"AN",,,"tiragu ",,,,,,,
"add",,,"V",,"DO to","palako ",,,,,,,
"additionally",,,"AV",,,"zotiwe ",,,,,,,
"adhere",,,"V",,"to","gefaba ",,,,,,,
"adjacent",,,"AN",,"to","migibe ",,,,,,,
"admirable",,,"AN",,,"fugawo ",,,,,,,
"admire",,,"V",,"DO","geveho ",,,,,,,
"adult",,,"AN",,"C ","qinevo ",,,,,,,
"advise",2,,"V",,"DO to+INF","yocono ",,,,,,,
"advise",1,,"V",,"DO to","yocono 132",,,,,,,
"aeroplane",,,"N",,,"lawuga ",,,,,,,
"Africa",,,"Name",,,"ganifa ",,,,,,,
"after",1,,"P",,,"nehagu ",,,,,,,
"after",2,,"P",,,"jawisu ",,,,,,,
"again",,,"AV",,,"bawugi ",,,,,,,
"age",,,"N",,"of","zupahe 21",,,,,,,
"aggregate",,,"N",,"of","zeluwi ",,,,,,,
"agree",,,"V",,"DO","colima ",,,,,,,
"agree",,,"V",,"with that","cofife ",,,,,,,
"air",,,"NU",,,"zawefe ",,,,,,,
"aircraft",,,"N",,,"weyake ",,,,,,,
"airplane",,,"N",,,"lawuga ",,,,,,,
"airship",,,"N",,,"gusefu ",,,,,,,
"alcohol",,,"N",,"U ","gomadu ",,,,,,,
"alien",,,"N",,,"yujeyu ",,,,,,,
"alive",,,"AN",,,"yogije ",,,,,,,
"alive",,,"AN",,,"kubudi ",,,,,,,
"all",,,"D",,,"hapawe ",,,,,,,
"allow",,,"V",,"DO to","yoqevi ",,,,,,,
"allowed",,,"PTCP",,"to","zilanu ",,,,,,,
"almost",,,"AV",,,"nizobi ",,,,,,,
"alone",,,"AN",,,"ziyewo ",,,,,,,
"also",,,"FOC",,,"yohecu ",,,,,,,
"also",,,"FOC",,,"sucuyi ",,,,,,,
"aluminium",,,"N",,"U ","virana ",,,,,,,
"alveolate",,,"N",,"C ","refeva ",,,,,,,
"amaze",,,"V",,"DO","bafale 21",,,,,,,
"amazing",,,"AN",,,"folato ",,,,,,,
"amber",,,"N",,"U ","jepigi ",,,,,,,
"ambulate",,,"V",,,"maqibi ",,,,,,,
"among",,,"P",,,"digowi ",,,,,,,
"analyze",,,"V",,"DO","losegu ",,,,,,,
"ancestor",,,"N",,"of","higiwe ",,,,,,,
"and",2,,"COO",,,"talage ",,,,,,,
"and co.",,,"Idiom",,,"gezogi ",,,,,,,
"and",1,,"NCOO",,,"nawulu ",,,,,,,
"anew",,,"AV",,,"bawugi ",,,,,,,
"angry",,,"AN",,,"facucu ",,,,,,,
"annoyed",,,"AN",,,"hidaji ",,,,,,,
"anonymous",,,"AN",,,"kasugo ",,,,,,,
"ant",,,"N",,"C ","yawifa ",,,,,,,
"Antarctica",,,"Name",,,"zuvugu ",,,,,,,
"anvil",,,"N",,,"bunoma ",,,,,,,
"anxious",,,"AN",,,"deyofo ",,,,,,,
"apple",,,"N",,,"nahala ",,,,,,,
"apply",,,"V",,"DO to","poveju ",,,,,,,
"approve",,,"V",,"DO","hagevu ",,,,,,,
"archaea",,,"N",,"C ","ginufi ",,,,,,,
"argon",,,"N",,"U ","wujipu ",,,,,,,
"Armenia",,,"Name",,,"hufizo ",,,,,,,
"arrive",1,,"V",,"at","dekuko ",,,,,,,
"arrow",1,,"N",,"C ","bonete ",,,,,,,
"arsenic",,,"N",,"U ","hopori ",,,,,,,
"arthropod",,,"N",,,"hekuwe ",,,,,,,
"artifact",,,"N",,,"sehive ",,,,,,,
"as",1,,"COO",,,,,,,,,,
"as",2,,"P",,,,,,,,,,
"ashamed",,,"AN",,,"sirile ",,,,,,,
"Asia",,,"Name",,,"fiwoye ",,,,,,,
"ask",,,"V",,"DO to","cizobi 132",,,,,,,
"ask",,,"VD",,,"cizobi ",,,,,,,
"ask",,,"V",,"DO to","neruji 132",,,,,,,
"ask",,,"VD",,,"neruji ",,,,,,,
"asleep",,,"AN",,,"sevudo ",,,,,,,
"ass",,,"N",,,"podaqa ",,,,,,,
"ass",,,,,,"yakego ",,,,,,,
"assert",,,"V",,"DO","royewa ",,,,,,,
"at",1,,"P",,,"civetu ",,,,,,,
"attack",,,"V",,"DO","vutiko ",,,,,,,
"attempt",,,"V",,"DO","dubanu ",,,,,,,
"attentive",,,"AN",,"to","kiwoda ",,,,,,,
"attribute",,,"N",,,"wokifa ",,,,,,,
"Australia",,,"Name",,,"satuwu ",,,,,,,
"Australia",,,"Name",,,"lohayi ",,,,,,,
"awake",,,"AN",,,"rewoma ",,,,,,,
"axle",,,"N",,,"gonowo ",,,,,,,
"azure",,,"AN",,,"roneda ",,,,,,,
"baby",,,"N",,,"toyaqo ",,,,,,,
"back",,,"N",,,"joveta ",,,,,,,
"bacteria",,,"N",,,"bumere ",,,,,,,
"bag",,,"N",,,"putifa ",,,,,,,
"banana",,,"N",,,"niyiri ",,,,,,,
"banjo",,,"N",,,"wibewu ",,,,,,,
"bare",,,"AN",,,"hemome ",,,,,,,
"barley",,,"N",,,"morino ",,,,,,,
"barrel",,,"N",,,"mociku ",,,,,,,
"bathe",,,"V",,"in","guteyo ",,,,,,,
"be",1,,"V",,"dummy_there ",,"exist",,,,,,
"be",2,,"COP",,,"suyelu ","be the same thing as",,,,,,
"be",3,,"COP",,,"fukepa ","instantiate, be an instance or a kind of",,,,,,
"be",4,,"ADJ",,"COP","pohuti ","has characteristic/property/trait …",,,,,,
"be",5,,"AUX",,,,"⦃passive voice constructor⦄",,,,,,
"be",6,,,,,,"⦃⦃BE TO — “I am to go” etc⦄⦄",,,,,,
"beach",,,"N",,,"hivode ",,,,,,,
"beak",,,"N",,,"buqado ",,,,,,,
"bean",1,,"N",,,"lafimu ",,,,,,,
"bean",2,,"N",,,"lisahu ",,,,,,,
"bear",,,"N",,,"bajasu ",,,,,,,
"bear",,,"V",,"DO","diheqo ",,,,,,,
"beard",,,"N",,,"qimeri ",,,,,,,
"beat",,,"V",,"DO","bunofi ",,,,,,,
"beautiful",,,"AN",,,"wivulu ",,,,,,,
"because",,,"COO",,,,,,,,,,
"because of",,,"P",,,,,,,,,,
"bed",1,,"N",,,"dufiqa ",,,,,,,
"bed",2,,"N",,,"lewiwi ",,,,,,,
"bee",,,"N",,,"zayami ",,,,,,,
"bee smoker",,,"N",,,"hafowi ",,,,,,,
"beehive",,,"N",,,"cuhuse ",,,,,,,
"beekeeper",,,"N",,,"yokara ",,,,,,,
"beer",,,"N",,,"mupilo ",,,,,,,
"beeswax",,,"N",,"U ","zonoba ",,,,,,,
"before",,,"P",,,"kepipe ",,,,,,,
"beget",,,"V",,"DO","mamuvu ",,,,,,,
"begin",,,"V",,"to","zudeve ",,,,,,,
"begin",,,"V",,,"nobawe ",,,,,,,
"beginning",,,"N",,"of","kifoyo ",,,,,,,
"bellows",,,"N",,,"diwije ",,,,,,,
"belly",,,"N",,,"mataje ",,,,,,,
"belt",,,"N",,,"nojufe ",,,,,,,
"bench",,,"N",,,"mejoqu ",,,,,,,
"benefit",,,"V",,"DO","gudajo ",,,,,,,
"beryllium",,,"NU",,,"bediwe ",,,,,,,
"bet",,,"V",,"DO to+INF that","veculi ",,,,,,,
"betacoronavirus",,,"N",,,"fuwebu ",,,,,,,
"between",,,"PP",,,"howope ",,,,,,,
"bicycle",,,"N",,,"vapewe ",,,,,,,
"bike",,,"N",,,"vapewe ",,,,,,,
"bikini",,,"N",,,"guwipo ",,,,,,,
"bile",,,"NU",,,"napufe ",,,,,,,
"bipede",,,"N",,,"seqero ",,,,,,,
"bird",,,"N",,,"daliwe ",,,,,,,
"bite",,,"VT^pinch",,,"sewufu ",,,,,,,
"bitter",,,"AN",,,"qatazo ",,,,,,,
"bitter",,,"AN",,,"dawaji ",,,,,,,
"bizarre",,,"AN",,,"cavoyo ",,,,,,,
"black",,,"AN",,,"nosune ",,,,,,,
"black hole",,,"N",,,"wozobo ",,,,,,,
"blade",,,"N",,,"kuqonu ",,,,,,,
"blood",,,"N",,,"gefore ",,,,,,,
"bloom",,,"V",,,"meridu ",,,,,,,
"blowhole",,,"N",,,"jizudi ",,,,,,,
"blue",,,"AN",,,"jayina ",,,,,,,
"boat",,,"N",,,"hunate ",,,,,,,
"body",,,"N",,,"tezoze ",,,,,,,
"bomb",,,"N",,,"wovuyu ",,,,,,,
"bone",,,"N",,,"hobewe ",,,,,,,
"book",,,"N",,,"vijutu ",,,,,,,
"bookcase",,,"N",,,"yiwajo ",,,,,,,
"boomerang",,,"N",,,"gobuti ",,,,,,,
"bored",,,"AN",,,"vefelo ",,,,,,,
"boron",,,"NU",,,"cobewo ",,,,,,,
"bottle",,,"N",,,"pewuve ",,,,,,,
"bow",,,"N",,,"jopoca ",,,,,,,
"bowl",,,"N",,,"busiba ",,,,,,,
"box",,,"N",,,"meluyo ",,,,,,,
"boy",,,"N",,,"vevimi ",,,,,,,
"bra",,,"N",,,"qutaji ",,,,,,,
"branch",,,"N",,,"tisoke ",,,,,,,
"brass",,,"NU",,,"zisawi ",,,,,,,
"bread",,,"N",,,"mawofe ",,,,,,,
"bread",,,"N",,,"hiwofe ",,,,,,,
"breast",,,"N",,,"vuniri ",,,,,,,
"breeze-block",,,"N",,,"wafagu ",,,,,,,
"brick",,,"N",,,"fayeru ",,,,,,,
"bridge",,,"N",,,"zoviqa ",,,,,,,
"brie",,,"N",,,"niwafa ",,,,,,,
"bromine",,,"NU",,,"taniti ",,,,,,,
"bronze",,,"NU",,,"biyomo ",,,,,,,
"brother",,,"N",,"of","zohoye ",,,,,,,
"brown",,,"AN",,,"didizo ",,,,,,,
"brown dwarf",,,"N",,,"sazoyu ",,,,,,,
"bucket",,,"N",,,"nedamo ",,,,,,,
"build",,,"V",,"DO","boceri ",,,,,,,
"building",,,"N",,,"zomayi ",,,,,,,
"bunny",,,"N",,,"tagaze ",,,,,,,
"burn",,,"V",,,"kalubi ",,,,,,,
"burnt out",,,"AN",,,"higofo ",,,,,,,
"burrow",,,"V",,,"ciciti ",,,,,,,
"bus",,,"N",,,"rajola ",,,,,,,
"bus stop",,,"N",,,"wogovo ",,,,,,,
"busy",,,"AN",,,"movilo ",,,,,,,
"but",1,,"ADV",,,,,,,,,,
"but",2,,"COO",,,"buvune ",,,,,,,
"butter",,,"NU",,,"gonata ",,,,,,,
"butterfly",,,"N",,,"jelawe ",,,,,,,
"buttocks",,,"N",,"PL ","yakego ",,,,,,,
"button",2,,"N",,,"pujuho ",,,,,,,
"by",1,,"P",,,,"⦃preposition for demoted agents in passive construction⦄",,,,,,
"by",2,,"P",,,,,,,,,,
"cabbage",,,"N",,,"babuto ",,,,,,,
"cable",,,"N",,,"pegefo ",,,,,,,
"cake",,,"N",,,"higovu ",,,,,,,
"calcium",,,"NU",,,"pomato ",,,,,,,
"call",,,"V",,"DO","movewo 21",,,,,,,
"call",1,,"V",,"DO","ruyeba ",,,,,,,
"calm",,,"AN",,,"qavove ",,,,,,,
"can",1,,"VMod",,,"zekupa ",,,,,,,
"can",2,,"VMod",,,"zilanu ",,,,,,,
"candle",,,"N",,,"mobupa ",,,,,,,
"canine",,,"N",,,"seyago ",,,,,,,
"can",,,"AUX",,,,,,,,,,
"can","N1",,"N",,,"gunawa ",,,,,,,
"can","N2",,"N",,,"wowube ",,,,,,,
"cannon",1,,"N",,,"goqici ",,,,,,,
"cannon",2,,"N",,,"pakucu ",,,,,,,
"canoe",,,"N",,,"gakapo ",,,,,,,
"cape",1,,"N",,,"jijotu ",,,,,,,
"car",,,"N",,,"yolase ",,,,,,,
"carbon",,,"NU",,,"sicupe ",,,,,,,
"card",,,"N",,,"teruki ",,,,,,,
"cardboard",,,"NU",,,"cipiqa ",,,,,,,
"caress",,,"V",,"DO","gunoqo ",,,,,,,
"carrot",,,"N",,,"morocu ",,,,,,,
"carry",,,"V",,"DO","diheqo ",,,,,,,
"cartilage",,,"N",,,"resere ",,,,,,,
"casserole",,,"N",,,"tikamu ",,,,,,,
"cat",,,"N",,,"fufuki ",,,,,,,
"cause",,,"V",,"DO","yajana ",,,,,,,
"celerity",,,"N",,,"culumo ",,,,,,,
"cell",,,"N",,,"majopo ",,,,,,,
"cement",,,"NU",,,"narode ",,,,,,,
"centaur",,,"N",,,"woceli ",,,,,,,
"center",,,"N",,"of","zemido 21",,,,,,,
"certain",,,"AN",,"of|that","wejufu ",,,,,,,
"cerumen",,,"NU",,,"vobako ",,,,,,,
"cetacean",,,"N",,,"fozoji ",,,,,,,
"chain",1,,"N",,,"foqale ",,,,,,,
"chainsaw",,,"N",,,"sogofa ",,,,,,,
"chair",,,"N",,,"zunoko ",,,,,,,
"challenge",,,"V",,"DO to+INF","meroca ",,,,,,,
"chaotic",,,"AN",,,"fubabi ",,,,,,,
"characteristic",,,"N",,,"wokifa ",,,,,,,
"cheek",,,"N",,,"vifeye ",,,,,,,
"cheese",,,"N",,,"dimeku ",,,,,,,
"chess",,,"N",,,"tonehi ",,,,,,,
"chest",,,"N",,,"cikaca ",,,,,,,
"chevrotain",,,"N",,,"zalosa ",,,,,,,
"chew",,,"V",,"DO","kuhohi ",,,,,,,
"chew",,,"VT^masticate",,,"pifefa ",,,,,,,
"chicken",,,"N",,,"hiwufo ",,,,,,,
"chief",,,,,,"zoqutu ",,,,,,,
"chimera",,,"N",,,"gagule ",,,,,,,
"chimpanzee",,,"N",,,"gudode ",,,,,,,
"chin",,,"N",,,"piralo ",,,,,,,
"China",,,"Name",,,"yuhuvi ",,,,,,,
"chlorine",,,"NU",,,"gizohi ",,,,,,,
"chocolate",,,"N",,,"zakemo ",,,,,,,
"chop",,,"V",,"DO","fucodu ",,,,,,,
"chromium",,,"NU",,,"gegogi ",,,,,,,
"chronometer",,,"N",,,"wicijo ",,,,,,,
"church",,,"N",,,"coweyi ",,,,,,,
"cigarette",,,"N",,,"jadadi ",,,,,,,
"cinder block",,,"N",,,"wafagu ",,,,,,,
"circumvent",,,"V",,"DO","meqiyi ",,,,,,,
"claw",,,"N",,,"cakuqo ",,,,,,,
"clay",,,"NU",,,"wusivu ",,,,,,,
"clever",,,"AN",,,"vaquni ",,,,,,,
"climb",,,"V",,"DO","ruteka ",,,,,,,
"climber",,,"N",,,"segopu ",,,,,,,
"clitoris",,,"N",,,"kemobe ",,,,,,,
"cloaca",,,"N",,,"mekoda ",,,,,,,
"clock",,,"N",,,"busizu ",,,,,,,
"cloth",,,"N",,,"fugahu ",,,,,,,
"clothing",,,"N",,,"fugahu ",,,,,,,
"cloud",,,"N",,,"noneyi ",,,,,,,
"clown",,,"N",,,"pamaca ",,,,,,,
"CMU",,,"N",,,"wafagu ",,,,,,,
"coal",,,"NU",,,"keyobu ",,,,,,,
"coast",,,"N",,,"qujono ",,,,,,,
"coat",,,"N",,,"galepo ",,,,,,,
"cobalt",,,"NU",,,"gocuno ",,,,,,,
"coffee",,,"N",,,"dopema ",,,,,,,
"cogwheel",,,"N",,,"piyapu ",,,,,,,
"collapse",,,"V",,"DO","jufowi ",,,,,,,
"collect",,,"V",,"DO at","doromu ",,,,,,,
"colorless",,,"AN",,,"witehu ",,,,,,,
"comb",,,"N",,,"biruso ",,,,,,,
"come",,,"V",,"to",,,,,,,,
"command",,,"V",,"DO to+INF","bedewu ",,,,,,,
"common",,,,,,"tefehu ",,,,,,,
"communicate",,,"V",,"DO to","suyepu ",,,,,,,
"communicate",,,"V",,"DO with about","seqabe ",,,,,,,
"community",,,"N",,,"maropa ",,,,,,,
"compare",,,"V",,"DO with","tajohi ",,,,,,,
"complete",,,"AN",,,"ruyuti ",,,,,,,
"complex number",,,"N",,,"vuquya ",,,,,,,
"computer",,,"N",,,"futeyu ",,,,,,,
"concrete block",,,"N",,,"wafagu ",,,,,,,
"concrete masonry unit",,,"N",,,"wafagu ",,,,,,,
"cons",,,,,,"jukezi ",,,,,,,
"container",,,"N",,,"mipihu ",,,,,,,
"continent",,,"N",,,"kimece ",,,,,,,
"continental shelf",,,"N",,,"cobawo ",,,,,,,
"control",1,,"V",,"DO","pocofe ",,,,,,,
"convinced",,,"AN",,"of|that","wejufu ",,,,,,,
"cook",,,"V",,"DO","visale ",,,,,,,
"copper",,,"NU",,,"muyulo ",,,,,,,
"corner",,,"N",,,"getaru ",,,,,,,
"coronavirus",,,"N",,,"cesalo ",,,,,,,
"cost",,,"V",,"DO","sanoti ",,,,,,,
"cotton",,,"NU",,,"peqivo ",,,,,,,
"cougar",,,"N",,,"hegilo ",,,,,,,
"cough",,,"V",,,"pasoge ",,,,,,,
"could",,,"AUX",,,,,,,,,,
"country",,,"N",,,"jitoke ",,,,,,,
"courgette",,,"N",,,"zumuva @UK",,,,,,,
"cover",,,"V",,"DO","hufuni ",,,,,,,
"coyote",,,"N",,,"siyece ",,,,,,,
"crane",,,"N",,,"rahifa ",,,,,,,
"crate",,,"N",,,"coyete ",,,,,,,
"crawl",,,"V",,,"bubuja ",,,,,,,
"credulous",,,"AN",,,"hewoqo ",,,,,,,
"crocodile",,,"N",,,"lekuri ",,,,,,,
"cross",,,"V",,"DO","vinajo ",,,,,,,
"crowbar",,,"N",,,"vesaci ",,,,,,,
"crown",,,"N",,,"ciqini ",,,,,,,
"crush",,,"V",,"DO","bovazo ",,,,,,,
"crustacean",,,"N",,,"sigivi ",,,,,,,
"cry",1,,"V",,"DO","vigofo ",,,,,,,
"cucumber",,,"N",,,"dajuba ",,,,,,,
"culture",,,"N",,"of","negewo 21",,,,,,,
"cup",,,"N",,,"qeveva ",,,,,,,
"cushion",,,"V",,"DO","talawu ",,,,,,,
"cushion",,,"V",,"DO","tidezu ",,,,,,,
"custom",,,"N",,"of","negewo 21",,,,,,,
"cut",,,"V",,"DO into","repuji ",,,,,,,
"cyan",,,"AN",,,"fefaze ",,,,,,,
"cyclone",,,"N",,,"nikegi ",,,,,,,
"dad",,,"N",,,"nucule ",,,,,,,
"daddy",,,"N",,,"nucule ",,,,,,,
"dam",,,"N",,,"gokeda ",,,,,,,
"damp",,,"AN",,,"kupaka ",,,,,,,
"dare",,,"V",,"INF","mawudu ",,,,,,,
"data",,,"N",,,"zorubi ",,,,,,,
"daughter",,,"N",,"of","buwele ",,,,,,,
"dawn",,,"N",,,"rutapi ",,,,,,,
"day",3,,"N",,,"leqilu ","numeric duration of a standard day",,,,,,
"day",1,,"N",,,"tayuqi ",,,,,,,
"day",2,,"N",,,"yulele ","a time period corresponding to a standard day in duration",,,,,,
"dead",,,"AN",,,"hutavu ",,,,,,,
"dead",,,"AN",,,"miqimi ",,,,,,,
"decay",,,"V",,,"moqubi ",,,,,,,
"decay",,,"V",,,"nohujo ",,,,,,,
"decide",,,"V",,"DO","vumedu ",,,,,,,
"decide",,,"V",,"DO","qijuki ",,,,,,,
"deconstruct",,,"V",,"DO","kagala ",,,,,,,
"deer",,,"N",,,"zaqidi ",,,,,,,
"defecate",,,"V",,"DO","himaho ",,,,,,,
"descendant","N1",,"N",,"of","higiwe 21",,,,,,,
"desert",,,"N",,,"fahobo ",,,,,,,
"deserve",,,,,,"vijica ",,,,,,,
"design",,,"V",,"DO","memoku ",,,,,,,
"desire",,,"V",,"DO","feyibi ",,,,,,,
"desk",,,"N",,,"rayema ",,,,,,,
"dew",,,"N",,,"lufuha ",,,,,,,
"diamond",,,"NU",,,"qeyuwi ",,,,,,,
"dice",,,"N",,,"hewizo ",,,,,,,
"didgeridoo",,,"N",,,"yoturo ",,,,,,,
"die",,,"N",,,"hewizo ",,,,,,,
"die",,,"V",,,"focevi ",,,,,,,
"differ",,,"V",,"from in","govofu ",,,,,,,
"different",,,"AN",,"from₁^other","yeyepa ",,,,,,,
"dig",,,"V",,"DO in","hugoma ",,,,,,,
"digest",,,"V",,"DO","buliki ",,,,,,,
"digitigrade",,,"N",,,"mokola ",,,,,,,
"digitigrade",,,"AN",,,"mokola ",,,,,,,
"diptere",,,"N",,,"zijiku ",,,,,,,
"disapprove",,,"V",,"DO","fasezo ",,,,,,,
"disassemble",,,"V",,"DO","kagala ",,,,,,,
"discard",,,"V",,"DO","latusu ",,,,,,,
"discover",,,"V",,"DO","pecoce ",,,,,,,
"discuss",,,"V",,"DO","ratoce ",,,,,,,
"disgusted",,,"PPRT",,,"buhedu ",,,,,,,
"dissolve",,,"V",,"in","pitiku ",,,,,,,
"dive",,,"V",,,"guqita ",,,,,,,
"do",,,"V",,"DO","tubano ",,,,,,,
"do yoga",,,"N",,,"kitume ",,,,,,,
"doctor",,,"V",,"DO","fonigo ",,,,,,,
"dog",,,"N",,,"yobanu ",,,,,,,
"dolphin",,,"N",,,"defuyi ",,,,,,,
"donkey",,,"N",,,"podaqa ",,,,,,,
"door",,,"N",,,"kunida ",,,,,,,
"doorway",,,"N",,,"miyawa ",,,,,,,
"doubt",,,"V",,"DO","kovutu ",,,,,,,
"dough",,,"NU",,,"wogutu ",,,,,,,
"download",,,"V",,"DO from","zatide ",,,,,,,
"downriver",,,"AV",,,"sowuwa ",,,,,,,
"dragon",,,"N",,,"zimoke ",,,,,,,
"draw",,,"V",,"DO on","joboyi ",,,,,,,
"drawer",,,"N",,,"lumayu ",,,,,,,
"dream",,,"V",,"DO","kahabi ",,,,,,,
"dream",,,"N",,,"vujoba ",,,,,,,
"dress",,,"N",,,"fugahu ",,,,,,,
"drill","N1",,"N",,,"fusiha ",,,,,,,
"drink",,,"V",,"DO","cewide ",,,,,,,
"drum",,,"N",,,"bohute ",,,,,,,
"dune",,,"N",,,"veteju ",,,,,,,
"early",,,"AN",,,"narafe ",,,,,,,
"earnest",,,"AN",,,"lehoma ",,,,,,,
"earwax",,,"NU",,,"vobako ",,,,,,,
"eat",,,"V",,"DO","qayiho ",,,,,,,
"edible",,,"AN",,"for","cucogo ",,,,,,,
"eel",,,"N",,,"bapili ",,,,,,,
"egg",,,"N",,,"fuqilo ",,,,,,,
"Egypt",,,"Name",,,"femari ",,,,,,,
"eight",,,"AN",,,"taqihe ",,,,,,,
"electric charge",,,"N",,"of","kuleja 21",,,,,,,
"elephant",,,"N",,,"berape ",,,,,,,
"eleven",,,"AN",,,"towozi ",,,,,,,
"elm",,,"N",,,"tejaju ",,,,,,,
"embryo",,,"N",,,"kiboku ",,,,,,,
"embryo₁",,,"N",,,"gotana ",,,,,,,
"embryo₂",,,"N",,,"sanawa ",,,,,,,
"emotion,",,,,,,"hojiso feel",,,,,,,
"emphasize",,,"V",,"DO","jotike ",,,,,,,
"empty",,,"V",,"DO","senona ",,,,,,,
"endow",,,"V",,"DO with","behucu ",,,,,,,
"England",,,"Name",,,"suqadi ",,,,,,,
"enjoy",,,"V",,"DO","roqabu ",,,,,,,
"entail",,,"V",,"DO","lusoku ",,,,,,,
"enzyme",,,"N",,,"lawigu ",,,,,,,
"erupt",,,"V",,,"vufupe ",,,,,,,
"escape",,,"V",,"DO","nokabu ",,,,,,,
"escape",,,"V",,"from","nokabu ",,,,,,,
"esteem",,,"V",,"DO","himusu ",,,,,,,
"esteem",,,"V",,"DO","qiqifu ",,,,,,,
"ET",,,"N",,,"yujeyu ",,,,,,,
"eternal",,,"AN",,,"pigetu ",,,,,,,
"eukaryote",,,"N",,,"fuvuna ",,,,,,,
"Euler's number",,,"N",,,"vibase ",,,,,,,
"Eurasia",,,"Name",,,"jeweno ",,,,,,,
"Eurasia",,,"Name",,,"tuvuha ",,,,,,,
"Europe",,,"N",,,"jalaki ",,,,,,,
"Europe",,,"Name",,,"lakuke ",,,,,,,
"evaporate",,,"V",,,"yegali ",,,,,,,
"even",,,"FOC",,,"lowaza ",,,,,,,
"evening",,,"N",,,"hadala ",,,,,,,
"everything",,,,,,"hapawe ",,,,,,,
"excrement",,,"N",,,"mefaki ",,,,,,,
"excrete",,,"V",,"DO","tuqezo ",,,,,,,
"exist",,,,,,"tiragu ",,,,,,,
"exoskeleton",,,"N₂",,,"rurawa ",,,,,,,
"expectorate",,,"V",,"DO","rabage ",,,,,,,
"expensive",,,"AN",,,"racago ",,,,,,,
"explain",,,"V",,"DO to","zaqoke ",,,,,,,
"explode",,,"V",,,"papaku ",,,,,,,
"explore",,,"V",,"DO","pahemo ",,,,,,,
"extinct",,,"AN",,,"sowoma ",,,,,,,
"extraterrestrial",,,"N",,,"yujeyu ",,,,,,,
"eyeglasses",,,"NPL",,,"zivumo ",,,,,,,
"face",,,"N",,,"culuke ",,,,,,,
"faeces",,,"N",,,"mefaki ",,,,,,,
"false",1,,"AN",,,"maruhe ",,,,,,,
"family",,,"N",,,"morudo ",,,,,,,
"fan",,,"N",,,"suhifu ",,,,,,,
"fang",,,"N",,,"noriwi ",,,,,,,
"farmhouse",,,"N",,,"rufufa ",,,,,,,
"fast",,,"AN",,,"denovo ",,,,,,,
"fast",,,"AN",,,"memaku ",,,,,,,
"father",,,"N",,"of","selaci ",,,,,,,
"fear",,,"V",,"DO","dumuku ",,,,,,,
"feather",,,"N",,,"lideyo ",,,,,,,
"feeble",,,"AN",,,"nomiwu ",,,,,,,
"feed",,,"V",,"DO with","pajane ",,,,,,,
"feed",,,"V",,"DO to","pajane 132",,,,,,,
"feel like",,,"V",,"DO GER","berame ",,,,,,,
"female",,,"N",,,"viriko ",,,,,,,
"female",,,"AN",,,"viriko ",,,,,,,
"fennec",,,"N",,,"momute ",,,,,,,
"fertile",,,"AN",,,"diyolu ",,,,,,,
"fertile",,,"N",,,"yapune ",,,,,,,
"fetus",,,"N",,,"figowa ",,,,,,,
"few",,,"AN",,,"niyipa ",,,,,,,
"few",,,"AN",,,"divipe ",,,,,,,
"fig",,,"N",,,"gebuyo ",,,,,,,
"fight",,,"V",,"DO","qifesi ",,,,,,,
"fill",,,"V",,"DO with","pugafe ",,,,,,,
"fin",,,"N",,,"hativu ",,,,,,,
"finger",,,"N",,,"yiquvo ",,,,,,,
"fire",,,"N",,,"jaqare ",,,,,,,
"first",,,"AN",,"in","lihewe 21",,,,,,,
"fish",,,"N",,,"buzote ",,,,,,,
"fish",,,"V",,"DO","legayi ",,,,,,,
"five",,,"AN",,,"kuyope ",,,,,,,
"flag",,,"N",,,"rozase ",,,,,,,
"flame",,,"N",,,"jenuwi ",,,,,,,
"flame",,,"N",,,"muceni ",,,,,,,
"flesh",,,"N",,,"koyeso ",,,,,,,
"flood",,,"V",,"DO","mogiqu ",,,,,,,
"floor",1,,"N",,,"fosuhu ",,,,,,,
"flour",,,"NU",,,"bopevo ",,,,,,,
"flow",,,"V",,,"danake ",,,,,,,
"flower",,,"N",,,"pazuti ",,,,,,,
"flower",,,"V",,,"meridu ",,,,,,,
"fluorine",,,"NU",,,"behiqi ",,,,,,,
"flute",,,"N",,,"sifana ",,,,,,,
"fly",,,"N",,,"zijiku ",,,,,,,
"fly",,,"VI₁",,,"zeduyu ",,,,,,,
"foldl",,,,,,"fuwiyi ",,,,,,,
"foldr",,,,,,"fubuca ",,,,,,,
"follow",,,"V",,"DO","jawisu ",,,,,,,
"follow",,,,,,"virigi ",,,,,,,
"follow",,,,,,"yodide ",,,,,,,
"food",,,"N",,,"zutuqa ",,,,,,,
"foot",,,"N",,,"dalibe ",,,,,,,
"for",1,,"P",,,,"⦃core argument preposition⦄",,,,,,
"for",2,,"P",,,"nezunu ",,,,,,,
"force",,,"V",,"DO to+INF","dafuka ",,,,,,,
"forebear",,,"N",,"of","higiwe ",,,,,,,
"forehead",,,"N",,,"suvima ",,,,,,,
"forest",,,"N",,,"suhiwe ",,,,,,,
"forge",,,"V",,"DO","bayari ",,,,,,,
"forget",,,"V",,"DO","romado ",,,,,,,
"fork",,,"N",,,"konoqo ",,,,,,,
"fossil",,,"N",,,"nadelo ",,,,,,,
"fountain",,,"N",,,"nalesu ",,,,,,,
"four",,,"AN",,,"kaseti ",,,,,,,
"fox",,,"N",,,"nerawa ",,,,,,,
"France",,,"Name",,,"deligi ",,,,,,,
"freezer",,,"N",,,"cezibi ",,,,,,,
"French bean",,,"N",,,"lepile ",,,,,,,
"Friday",,,"N",,,"rasule ",,,,,,,
"friend",,,"N",,"of","ciruge ",,,,,,,
"frog",,,"N",,,"buwuvu ",,,,,,,
"from",,,"P",,,,,,,,,,
"fruit",,,"N",,"of","gewuma ",,,,,,,
"fruit",,,"N",,,"gufoja ",,,,,,,
"full-grown",,,"AN",,,"qinevo ",,,,,,,
"funnel",,,"N",,,"dekebo ",,,,,,,
"funny",,,"AN",,,"mofatu ",,,,,,,
"fur",1,,"N",,,"yikani ",,,,,,,
"fur",3,,"N",,,"gumunu ",,,,,,,
"furious",,,"AN",,,"hejori ",,,,,,,
"fusion",,,"N",,"of","zeluwi ",,,,,,,
"galaxy",,,"N",,,"ziheje ",,,,,,,
"gall",,,"NU",,,"napufe ",,,,,,,
"gallium",,,"NU",,,"jududa ",,,,,,,
"garden lettuce",,,"N",,,"zagari ",,,,,,,
"garment",,,"N",,,"fugahu ",,,,,,,
"garum",,,"N",,,"yutoso ",,,,,,,
"generous",,,"AN",,,"hiqeci ",,,,,,,
"germanium",,,"NU",,,"likini ",,,,,,,
"Germany",,,"Name",,,"gobite ",,,,,,,
"get",,,"VT+AN",,,"zudeve ",,,,,,,
"get",,,"V",,"DO AN","pacehe ",,,,,,,
"get",,,"V",,"DO to+INF","pacehe ",,,,,,,
"get",1,,"V",,"DO","bulihe ",,,,,,,
"get",,,"V",,"DO","cimana ",,,,,,,
"ghillie suit",,,"N",,,"wigocu ",,,,,,,
"giraffe",,,"N",,,"sigoso ",,,,,,,
"give",,,"V",,"DO to","jubaku 132",,,,,,,
"give",,,"V",,"DO to","behucu 132",,,,,,,
"give birth",,,"V",,"to","mamuvu ",,,,,,,
"glacier",,,"N",,,"zozomi ",,,,,,,
"glad",,,"AN",,,"fiyezu ",,,,,,,
"glass",,,"N",,,"qeveva ",,,,,,,
"glasses",,,"NPL",,,"zivumo ",,,,,,,
"glove",,,"N",,,"jisofa ",,,,,,,
"glue",,,"N",,,"remowa ",,,,,,,
"gnaw",,,"V",,"DO","galawe ",,,,,,,
"go",,,"V",,"to+INF","sosaqe ",,,,,,,
"go",,,"V",,"to from","zafejo 132",,,,,,,
"goat",,,"N",,,"zajaki ",,,,,,,
"gold",,,"NU",,,"qedipu ",,,,,,,
"good",,,"AN",,,"zuniho ",,,,,,,
"gorilla",,,"N",,,"rikawu ",,,,,,,
"gotcha",,,"INTJ",,,"wepuva ",,,,,,,
"govern",,,"V",,"DO","gunuba ",,,,,,,
"granite",,,"NU",,,"getika ",,,,,,,
"grasp",,,"V",,"DO","cewomo ",,,,,,,
"grass",,,"N",,,"sosudi ",,,,,,,
"grateful",,,"AN",,"to for","hazoya ",,,,,,,
"grateful",,,"AN",,"to for","heyimu ",,,,,,,
"gravel",,,"N",,,"timisi ",,,,,,,
"gray",,,"AN",,,"kukihu ",,,,,,,
"gray wolf",,,"N",,,"kemara ",,,,,,,
"grease",,,"N",,,"febine ",,,,,,,
"great",,,"AN",,,"fugawo ",,,,,,,
"green",,,"AN",,,"ralija ",,,,,,,
"green bean",,,"N",,,"lepile ",,,,,,,
"greenhouse",,,"N",,,"wezane ",,,,,,,
"Greenland",,,"Name",,,"gemeni ",,,,,,,
"grey",,,"AN",,,"kukihu ",,,,,,,
"grey wolf",,,"N",,,"kemara ",,,,,,,
"grok",,,"V",,"DO","cimana ",,,,,,,
"ground",1,,"N",,,"gunefe ",,,,,,,
"group",,,"N",,"of","zeluwi ",,,,,,,
"group",,,"N",,"of","zineji ",,,,,,,
"grow",,,"V",,,"tutumo ",,,,,,,
"grow",,,"V",,,"dosivu ",,,,,,,
"guitar",,,"N",,,"fayuba ",,,,,,,
"gullible",,,"AN",,,"hewoqo ",,,,,,,
"gun",,,"N",,,"waticu ",,,,,,,
"habitual",,,"AN",,,"jeqitu ",,,,,,,
"hail",,,"V",,,"witevo ",,,,,,,
"hail",,,"N",,,"halihu ",,,,,,,
"hairless",,,"AN",,,"tivepi ",,,,,,,
"hammer",,,"N",,,"takupe ",,,,,,,
"hammock",,,"N",,,"zayeqa ",,,,,,,
"hammock",,,"V",,,"wewozu ",,,,,,,
"handbag",,,"N",,,"zafapu ",,,,,,,
"handkerchief",,,"N",,,"qowibi ",,,,,,,
"happen",,,"V",,,"dosoko ",,,,,,,
"happy",,,"AN",,,"fiyezu ",,,,,,,
"harmonica",,,"N",,,"wufoye ",,,,,,,
"harp",,,"N",,,"lozimu ",,,,,,,
"hat",,,"N",,,"riqawe ",,,,,,,
"hate",1,,"V",,"DO","lofoto ",,,,,,,
"haul",,,"V",,"DO","diheqo ",,,,,,,
"have",2,,"V",,"DO","pohuti ",,,,,,,
"have",1,,"V",,"DO","pocofe ",,,,,,,
"hay",,,"N",,,"hevovo ",,,,,,,
"he",,,"PRO",,,,,,,,,,
"headland",,,"N",,,"jijotu ",,,,,,,
"healthy",,,"AN",,,"bebera ",,,,,,,
"heavy",,,"AN",,,"momemi ",,,,,,,
"hedgehog",,,"N",,,"sunemi ",,,,,,,
"helicopter",,,"N",,,"sufobe ",,,,,,,
"helium",,,"NU",,,"cukoho ",,,,,,,
"hello",,,"INTJ",,,"yuliwe ",,,,,,,
"helmet",,,"N",,,"ranini ",,,,,,,
"help",,,"V",,"DO to+INF","juhebi ",,,,,,,
"heptagon",,,"N",,,"yisudi ",,,,,,,
"her",1,,"OBJ",,,,,,,,,,
"her",2,,"D",,,,,,,,,,
"herbivorous",,,"AN",,,"beyuno ",,,,,,,
"here",,,"ADV",,,,,,,,,,
"hesitate",,,"V",,,"sokema ",,,,,,,
"hexagon",,,"N",,,"qolace ",,,,,,,
"hi",,,"INTJ",,,"yuliwe ",,,,,,,
"hiccup",,,"V",,,"leluje ",,,,,,,
"hidden",,,"AN",,,"tujaro ",,,,,,,
"hill",,,"N",,,"fesanu ",,,,,,,
"him",,,"PRO",,"OBJ ",,,,,,,,
"hinge",,,"N",,,"nomife ",,,,,,,
"his",,,"D",,,,,,,,,,
"history",,,"N",,,"fudito ",,,,,,,
"hive",,,"N",,,"pifomu ",,,,,,,
"holy",,,"AN",,,"soqeqa ",,,,,,,
"home",,,"N",,"of","virume ",,,,,,,
"honest",,,"AN",,,"zezejo ",,,,,,,
"honey",,,"NU",,,"wilawi ",,,,,,,
"hoof",,,"N",,,"zodaru ",,,,,,,
"hope",,,,,,"soputo ",,,,,,,
"horizon",,,"N",,,"wetafu ",,,,,,,
"horn",,,"N",,,"mivawi ",,,,,,,
"horse",,,"N",,,"qibawe ",,,,,,,
"hot-air baloon",,,"N",,,"buqova ",,,,,,,
"house",,,"N",,,"detume ",,,,,,,
"hovercraft",,,"N",,,"zulaku ",,,,,,,
"how",,,"ADV",,,,,,,,,,
"however",,,,,,"buvune ",,,,,,,
"hue",,,"N",,,"cafodu ",,,,,,,
"hug",,,"V",,"DO","guzava ",,,,,,,
"huge",,,"AN",,,"ludiwu ",,,,,,,
"human",,,"N",,,"wayami ",,,,,,,
"human being",,,"N",,,"wayami ",,,,,,,
"humanoid",,,"N",,,"suculu ",,,,,,,
"hungry",,,"AN",,,"borovi ",,,,,,,
"hunt",,,"V",,"DO","tepida ",,,,,,,
"hurrican",,,"N",,,"yekiyo ",,,,,,,
"hurry",,,"V",,,"sacaka ",,,,,,,
"hurry up",,,"V",,,"sacaka",,,,,,,
"hurt",,,"AN",,,"sewobo ",,,,,,,
"husband",,,"N",,"of","dawida ",,,,,,,
"hush",,,"V",,,"rideze ",,,,,,,
"hydrogen",,,"NU",,,"letuto ",,,,,,,
"hyena",,,"N",,,"nulofa ",,,,,,,
"I",,,"PRO",,,"lukayu ",,,,,,,
"ice",,,"NU",,,"lunice ",,,,,,,
"iceberg",,,"N",,,"nurezu ",,,,,,,
"ID card",,,"N",,,"zapazu ",,,,,,,
"idea",,,"N",,,"yitulo ",,,,,,,
"identity card",,,"N",,,"zapazu ",,,,,,,
"if",,,"SUBR",,,"qetepu ",,,,,,,
"if and only if",,,"SUBR",,,"tuyafu ",,,,,,,
"iff",,,,,,"tuyafu ",,,,,,,
"igloo",,,"N",,,"yosaya ",,,,,,,
"ill",,,"AN",,,"kiyadu ",,,,,,,
"illustrious",,,"AN",,,"mubeha ",,,,,,,
"immaterial",,,"AN",,,"dasuba ",,,,,,,
"impatient",,,"AN",,,"bayoga ",,,,,,,
"imperceptible",,,"AN",,,"purequ ",,,,,,,
"important",,,"AN",,"for","notiva 21",,,,,,,
"important",,,"AN",,,"saquze ",,,,,,,
"impossible",,,"AN",,,"munuso ",,,,,,,
"impulsive",,,"AN",,,"ditinu ",,,,,,,
"in",1,,"P",,,"zatiqo 21",,,,,,,
"incisor",,,"N",,,"kemovo ",,,,,,,
"incolor",,,"AN",,,"witehu ",,,,,,,
"indeed",,,"AV",,,"vaqolu ",,,,,,,
"India",,,"Name",,,"daqida ",,,,,,,
"indisputable",,,"AN",,,"fegayo ",,,,,,,
"indistinguishable",,,"AN",,"from","kitani ",,,,,,,
"individual",3,,"N",,,"sitawe ",,,,,,,
"inevitable",,,"AN",,,"curufi ",,,,,,,
"infant",,,"N",,,"toyaqo ",,,,,,,
"infertile",,,"AN",,,"wumoro ",,,,,,,
"information",,,"N",,,"zorubi ",,,,,,,
"ingest",,,"V",,"DO","quwagi ",,,,,,,
"insect",,,"N",,,"hodezu ",,,,,,,
"insectivorous",,,"AN",,,"dejove ",,,,,,,
"inside",,,"P",,,"zatiqo 21",,,,,,,
"insignificant",,,"AN",,,"wosimu ",,,,,,,
"integer",,,"N",,,"nuvapa ",,,,,,,
"intelligent",,,"AN",,,"vaquni ",,,,,,,
"intertwined",,,"AN",,,"laqame ",,,,,,,
"interval",,,"N",,,"gegulu ",,,,,,,
"into",,,"P",,,,,,,,,,
"intuit",,,"V",,"DO","dapusi ",,,,,,,
"invent",,,"V",,"DO","memoku ",,,,,,,
"iron",,,"NU",,,"saneka ",,,,,,,
"irritated",,,"AN",,,"hidaji ",,,,,,,
"island",,,"N",,,"pupima ",,,,,,,
"ism",,,"N",,,"jisubu ",,,,,,,
"it",,,"PRO",,,,,,,,,,
"Italia",,,"Name",,,"dinozi ",,,,,,,
"jacket",,,"N",,,"sebigo ",,,,,,,
"jaguar",,,"N",,,"qahule ",,,,,,,
"Japan",,,"Name",,,"jowuzi ",,,,,,,
"joyful",,,"AN",,,"fiyezu ",,,,,,,
"jungle",,,"N",,,"voqibu ",,,,,,,
"just",,,"ADV",,,,,,,,,,
"katana",,,"N",,,"qonefi ",,,,,,,
"keep",,,"V",,"DO","bimego ",,,,,,,
"key",1,,"N",,,"telipi ",,,,,,,
"key",2,,"N",,,"wotare ",,,,,,,
"keyboard",,,"N",,,"lebuci ",,,,,,,
"khipu",,,"N",,,"hodeti ",,,,,,,
"kick",,,"V",,"DO","tijibi ",,,,,,,
"kill",,,"V",,"DO","zicede ",,,,,,,
"kind",,,"N",,"of","fukepa ",,,,,,,
"knead",,,"V",,"DO","gonewi ",,,,,,,
"knee",,,"N",,,"nufawi ",,,,,,,
"knife",,,"N",,,"pamizi ",,,,,,,
"know",,,"VT₁",,,"qipifi ",,,,,,,
"know₂",,,"V",,"DO","ciboya ",,,,,,,
"koala",,,"N",,,"pikato ",,,,,,,
"Korea",,,"Name",,,"vebata ",,,,,,,
"krypton",,,"NU",,,"ciyuyi ",,,,,,,
"lack",,,"V",,"DO","letejo ",,,,,,,
"ladder",,,"N",,,"worino ",,,,,,,
"ladybird",,,"N",,,"ledohu ",,,,,,,
"ladybug",,,"N",,,"ledohu ",,,,,,,
"lake",,,"N",,,"watanu ",,,,,,,
"lamp",,,"N",,,"guhaqu ",,,,,,,
"language",,,"N",,,"lasofe ",,,,,,,
"laptop",,,"N",,,"jowaya ",,,,,,,
"larynx",,,"N",,,"hehoze ",,,,,,,
"last",,,"AN",,"in","bilubo 21",,,,,,,
"late",,,"AN",,,"numiwa ",,,,,,,
"laugh",,,"V",,,"zanoso ",,,,,,,
"laughter",,,"N",,,"devore ",,,,,,,
"leaf",,,"N",,,"zozawe ",,,,,,,
"leave",1,,"V",,"DO","sumuda ",,,,,,,
"left-handed",,,"AN",,,"derafo ",,,,,,,
"leg",,,"N",,,"yeqave ",,,,,,,
"lemur",,,"N",,,"guvucu ",,,,,,,
"lend",,,"V",,"DO to","yewuba 132",,,,,,,
"leopard",,,"N",,,"lafeqe ",,,,,,,
"lepidopter",,,"N",,,"zalina ",,,,,,,
"lepidopteran",,,"N",,,"zalina ",,,,,,,
"less",,,"ADV",,,,,,,,,,
"lest",,,"COO",,,,,,,,,,
"let",,,"V",,"DO VP","yoqevi ",,,,,,,
"letter",,,"N",,,"jewuve ",,,,,,,
"lettuce",,,"N",,,"yavove ",,,,,,,
"level",2,,"N",,,"makupa ",,,,,,,
"lid",,,"N",,,"jiduka ",,,,,,,
"lifeform",,,,,,"maweya ",,,,,,,
"lift",,,"N",,,"nirumo ",,,,,,,
"lighter",,,"N",,,"biraze ",,,,,,,
"lightning",,,"N",,,"kalice ",,,,,,,
"like",,,"V",,"DO","roqabu ",,,,,,,
"like",,,"V",,"DO","tawale ",,,,,,,
"like",,,"V",,"DO","payito ",,,,,,,
"likely",,,"AN",,,"jutoki ",,,,,,,
"line",,,"N",,,"puhidu ",,,,,,,
"lip",,,"N",,,"fazazu ",,,,,,,
"lithium",,,"NU",,,"yalisu ",,,,,,,
"lithosphere",,,"N",,,"fekali ",,,,,,,
"live",2,,"V",,,"yogije ",,,,,,,
"live",1,,"V",,,"kubudi ",,,,,,,
"living",,,,,,"maweya",,,,,,,
"llama",,,"N",,,"garahi ",,,,,,,
"lock",,,"N",,,"fukugu ",,,,,,,
"long",,,"AN",,,"gayulo ",,,,,,,
"look",,,"V",,"at","gebuze ",,,,,,,
"look",,,"V",,"after","keyepe ",,,,,,,
"loose",,,"AN",,,"jeyufi ",,,,,,,
"lost",,,"AN",,,"vigaba ",,,,,,,
"love",1,,"V",,"DO","hiyuwa ",,,,,,,
"love",2,,"V",,"DO","motuwa ",,,,,,,
"low",,,"AN",,,"hehawo ",,,,,,,
"lunch",,,"N",,,"codifo ",,,,,,,
"lymph",,,"NU",,,"wegunu ",,,,,,,
"machine",,,"N",,,"zabuqo ",,,,,,,
"mad",,,"AN",,,"facucu ",,,,,,,
"mad",,,"AN",,,"hejori ",,,,,,,
"made",,,"PPTC",,"of","kuwira ",,,,,,,
"magenta",,,"AN",,,"dapeno ",,,,,,,
"magnesium",,,"NU",,,"cahugi ",,,,,,,
"main",,,"AN",,,"zoqutu ",,,,,,,
"majority",,,"N",,"of","lahoyi ",,,,,,,
"male",,,"N",,,"hopigi ",,,,,,,
"male",,,"AN",,,"hopigi ",,,,,,,
"malleable",,,"AN",,,"wonufe ",,,,,,,
"mama",,,"N",,,"fimimo ",,,,,,,
"mammal",,,"N",,,"wohuti ",,,,,,,
"mane",,,"N",,,"sodese ",,,,,,,
"manganese",,,"NU",,,"matuke ",,,,,,,
"many",,,"AN",,,"bezuce ",,,,,,,
"map",,,,,,"vadoyi ",,,,,,,
"make",,,"V",,"DO",,,,,,,,
"marsupial",,,"N",,,"favoni ",,,,,,,
"mask",,,"N",,,"voyofo ",,,,,,,
"mass",,,"N",,"of","metacu 21",,,,,,,
"massive",,,"AN",,,"jeroso ",,,,,,,
"masticate",,,"V",,"DO","kuhohi ",,,,,,,
"material",,,"N",,,"kunido ",,,,,,,
"matter",,,"N",,,"kunido ",,,,,,,
"mattress",,,"N",,,"sakumi ",,,,,,,
"maturate",,,"V",,,"tutumo ",,,,,,,
"mature",,,"AN",,,"qinevo ",,,,,,,
"meaning",1,,"N",,,"zunusa ",,,,,,,
"meat",,,"N",,,"koyeso ",,,,,,,
"medicine",,,"N",,,"bovena ",,,,,,,
"meet",,,"V",,"DO","hetosu ",,,,,,,
"megalomaniac",,,"AN",,,"tigile ",,,,,,,
"member",1,,"N",,"of","viqeyu ",,,,,,,
"member",2,,"N",,,"mewoyo ",,,,,,,
"membrane",,,"N",,,"leyahu ",,,,,,,
"memory",,,"N",,,"riyizi ",,,,,,,
"mercury",,,"NU",,,"hagodu ",,,,,,,
"mereological sum",,,"N",,"of","zineji ",,,,,,,
"merit",,,,,,"vijica ",,,,,,,
"merit",,,"V",,"DO","naleki ",,,,,,,
"merry",,,"AN",,,"wuzoze ",,,,,,,
"metal",,,"NU",,,"bibana ",,,,,,,
"microphone",,,"N",,,"tupeti ",,,,,,,
"middle",,,"N",,"of","zemido 21",,,,,,,
"midnight",,,"N",,,"koyiba ",,,,,,,
"milk",,,"NU",,,"lumica ",,,,,,,
"milk",,,"V",,"DO","lozisu ",,,,,,,
"mind",,,"N",,,"tehuwe ",,,,,,,
"mine",,,"NPOSS",,,"kafade ",,,,,,,
"mineralogy",,,"N",,,"fepure ",,,,,,,
"mirror",,,"N",,,"poyoka ",,,,,,,
"miss",,,"V",,"DO","yuhoki ",,,,,,,
"miss",,,"V",,"DO","cisewi ",,,,,,,
"moist",,,"AN",,,"kupaka ",,,,,,,
"molar",,,"N",,,"laruko ",,,,,,,
"molten",,,"AN",,,"rekica ",,,,,,,
"mom",,,"N",,,"fimimo ",,,,,,,
"moment",,,"N",,,"gegulu ",,,,,,,
"mommy",,,"N",,,"fimimo ",,,,,,,
"Monday",,,"N",,,"luzuhe ",,,,,,,
"money",,,"N",,,"bidosa ",,,,,,,
"Mongolia",,,"Name",,,"jumeji ",,,,,,,
"mongoose",,,"N",,,"zoyuvi ",,,,,,,
"monster",,,"N",,,"huviji ",,,,,,,
"monthly",,,"AV",,,"kiwupo ",,,,,,,
"moon",,,"N",,,"mohoje ",,,,,,,
"more",,,"ADV",,,,,,,,,,
"mosquito",,,"N",,,"ruziqo ",,,,,,,
"moth",,,"N",,,"milana ",,,,,,,
"mother",,,"N",,"of","guyupu ",,,,,,,
"motivate",,,"V",,"DO to+INF","pereco 213",,,,,,,
"motor",,,"N",,,"bomise ",,,,,,,
"motorway",,,"N",,,"wisece ",,,,,,,
"mountain",,,"N",,,"pobufe ",,,,,,,
"mountain range",,,"N",,,"yagiza ",,,,,,,
"mouse-deer",,,"N",,,"zalosa ",,,,,,,
"mouse",1,,"N",,,"mafawe ",,,,,,,
"mouse",2,,"N",,,"heqaba ",,,,,,,
"mouth",,,"N",,,"wahulo ",,,,,,,
"mucosa",,,"N",,,"silawo ",,,,,,,
"mucus",,,"NU",,,"diqece ",,,,,,,
"mud",,,"N",,,"gutipo ",,,,,,,
"multiset",,,"N",,,"putifa ",,,,,,,
"mum",,,"N",,,"fimimo ",,,,,,,
"mushroom",,,"N",,,"qocuja ",,,,,,,
"music",,,"N",,,"tatazu ",,,,,,,
"musical instrument",,,"N",,,"momofo ",,,,,,,
"musk deer",,,"N",,,"nokuhe ",,,,,,,
"mustache",,,"N",,,"boqade ",,,,,,,
"my",,,"D",,,"kafade ",,,,,,,
"mythical",,,"AN",,,"verifi ",,,,,,,
"nail",,,"N",,,"giputu ",,,,,,,
"naive",,,"AN",,,"hewoqo ",,,,,,,
"naive",,,"AN",,,"rebati ",,,,,,,
"naked",,,"AN",,,"hemome ",,,,,,,
"name",,,"VD",,,"zikose ",,,,,,,
"named",,,"PTCP",,"T","movewo ",,,,,,,
"nameless",,,"AN",,,"kasugo ",,,,,,,
"natural",,,"AN",,,"yituha ",,,,,,,
"necessary",,,"AN",,"for","nugifu ",,,,,,,
"neck",,,"N",,,"yidima ",,,,,,,
"neon",,,"NU",,,"ticula ",,,,,,,
"net",1,,"N",,,"logulu ",,,,,,,
"nettle",,,"N",,,"suqedi ",,,,,,,
"neutron star",,,"N",,,"tetujo ",,,,,,,
"New Zealand",,,"Name",,,"ziwofa ",,,,,,,
"news",,,"N",,,"pihege ",,,,,,,
"next",,,"AN",,"to","migibe ",,,,,,,
"next",,,"AN",,"to in","dihoge ",,,,,,,
"next after",,,"P",,,"virigi",,,,,,,
"nice",,,"AN",,,"zuniho ",,,,,,,
"nickel",,,"NU",,,"nizako ",,,,,,,
"nightmare",,,"N",,,"yazolu ",,,,,,,
"nine",,,"AN",,,"jujiko ",,,,,,,
"nipple",,,"N",,,"fesoku ",,,,,,,
"nitrogen",,,"NU",,,"wupide ",,,,,,,
"no",,,"ANSW",,,"maruhe ",,,,,,,
"North America",,,"Name",,,"qavobu ",,,,,,,
"North America",,,"Name",,,"zirowe ",,,,,,,
"North Korea",,,"Name",,,"fecege ",,,,,,,
"nose",,,"N",,,"tuhoji ",,,,,,,
"nostril",,,"N",,,"witaso ",,,,,,,
"not",,,"POLAR",,,"maruhe ",,,,,,,
"not",,,,,,"romate much",,,,,,,
"now",2,,"N",,,"nibeyo ",,,,,,,
"now",1,,"AV",,,"nibeyo ",,,,,,,
"numb",,,"AN",,,"gusiye ",,,,,,,
"number",,,"N",,,"sakipe ",,,,,,,
"nut",,,"N",,,"gewuma ",,,,,,,
"oak",,,"N",,,"wepuze ",,,,,,,
"obedient",,,"AN",,,"fikica ",,,,,,,
"observe",,,"V",,"DO","kiwoda ",,,,,,,
"obtain",,,"V",,"DO","bulihe ",,,,,,,
"obvious",,,"AN",,"to","liqogo ",,,,,,,
"octagon",,,"N",,,"caliso ",,,,,,,
"octonion",,,"N",,,"tibaqe ",,,,,,,
"of",1,,"PREP",,,"gocika ","⦃relatedness linker⦄",,,,,,
"of",2,,,,,,"⦃origin linker⦄",,,,,,
"of",3,,,,,,"⦃material linker⦄",,,,,,
"of",4,,,,,,"⦃partitive linker⦄",,,,,,
"of",5,,,,,,"⦃subjective genitive⦄",,,,,,
"of",6,,,,,,"⦃objective genitive⦄",,,,,,
"of",7,,,,,,"⦃argument preposition⦄",,,,,,
"of",8,,,,,,"⦃duration linker⦄",,,,,,
"oil",,,"NU",,,"bofecu ",,,,,,,
"OK",,,"INTJ",,,"wepuva ",,,,,,,
"okay",,,"INTJ",,,"wepuva ",,,,,,,
"olive",,,"N",,,"kuwevo ",,,,,,,
"on",1,,"P",,,"civetu ",,,,,,,
"on",2,,"P",,,"tibuta 21",,,,,,,
"on",3,,"P",,,"hufuni ",,,,,,,
"on",4,,"P",,,"yoneni ",,,,,,,
"one",,,"AN",,,"wehuke ",,,,,,,
"onion",,,"N",,,"zepuqu ",,,,,,,
"only",,,,,,"hapawe ",,,,,,,
"open",,,"AN",,,"yovepe ",,,,,,,
"opine",,,"V",,"DO","hocobo ",,,,,,,
"opisthokont",,,"N",,"C ","zuyiyu ",,,,,,,
"or",1,,"COO",,,"zarowi ","⦃inclusive or⦄",,,,,,
"or",2,,"COO",,,,"⦃exclusive or⦄",,,,,,
"or",3,,"COO",,,,"⦃alternation question⦄",,,,,,
"or",4,,"COO",,,,"⦃otherwise, if not⦄",,,,,,
"or",5,,"COO",,,,"⦃also known as⦄",,,,,,
"orange",1,,"N",,"C ",,"orange fruit",,,,,,
"orange",2,,"AN",,,"jigeho ","of orange color",,,,,,
"organism",,,"N",,"C ","maweya ",,,,,,,
"ostrich",,,"N",,"C ","rahubi ",,,,,,,
"other",,,"AN",,"than","muqiju ",,,,,,,
"our",,,"D",,,"miveda ",,,,,,,
"ours",,,"NPOSS",,,"miveda ",,,,,,,
"out",,,"ADV",,,,,,,,,,
"outer space",,,"N",,,"zagivi ",,,,,,,
"ovum",,,"N",,,"qosaqe ",,,,,,,
"owl",,,"N",,,"ruwuma ",,,,,,,
"own",,,"V",,"DO","yoguwo ",,,,,,,
"oxygen",,,"NU",,,"veqile ",,,,,,,
"ozone",,,"NU",,,"yoweco ",,,,,,,
"page",,,"N",,,"raweje ",,,,,,,
"pain",,,"N",,,"busoni ",,,,,,,
"palate",,,"N",,,"wegofu ",,,,,,,
"pangolin",,,"N",,,"jizope ",,,,,,,
"pant",,,"V",,,"tujepa ",,,,,,,
"pants",,,"N",,,"johoqi ",,,,,,,
"paper",,,"NU",,,"ditifu ",,,,,,,
"parakaryote",,,"N",,,"duvawo ",,,,,,,
"parallel",,,"AN",,"to","pilawe ",,,,,,,
"parent",,,"V",,"DO","hibeto ",,,,,,,
"parent",,,"V",,"DO","yoqazi ",,,,,,,
"parent",,,"N",,"of","yelepu ",,,,,,,
"parrot",,,"N",,,"rutuhu ",,,,,,,
"participate",,,"V",,"in","gutime ",,,,,,,
"particular",,,"N",,,"sitawe ",,,,,,,
"pasta",,,"N",,,"towulo ",,,,,,,
"pastry",,,"N",,,"siyeto ",,,,,,,
"patient",,,"N",,,"tivayo ",,,,,,,
"pay attention",,,"V",,"to","kiwoda ",,,,,,,
"PC",,,"N",,,"tuvazo ",,,,,,,
"pear",,,"N",,,"loteyo ",,,,,,,
"pedipalp",,,"N",,,"cipeco ",,,,,,,
"pee",,,"NU",,,"qigiwu ",,,,,,,
"pee",,,"V",,"DO","gobuvo ",,,,,,,
"pelt",,,"N",,,"gumunu ",,,,,,,
"pelvis",,,"N",,,"qabivo ",,,,,,,
"pencil sharpener",,,"N",,,"zozuli ",,,,,,,
"penguin",,,"N",,,"payope ",,,,,,,
"penis",,,"N",,,"lobuze ",,,,,,,
"pentagon",,,"N",,,"rapalu ",,,,,,,
"people",,,"N",,"U ",,,,,,,,
"period",,,"N",,,"gegulu ",,,,,,,
"permitted",,,"PTCP",,"to","zilanu ",,,,,,,
"perpend stone",,,"N",,,"piqome ",,,,,,,
"perpendicular",,,"AN",,"to","vepeda ",,,,,,,
"person",,,"N",,,"jagoce ",,,,,,,
"personal computer",,,"N",,,"tuvazo ",,,,,,,
"pertain",,,"V",,"to","gocika ",,,,,,,
"pes",,,"N",,,"dafowa ",,,,,,,
"pet",,,"V",,"DO","gunoqo ",,,,,,,
"petroleum",,,"NU",,,"wolopa ",,,,,,,
"pharaoh",,,"N",,,"hadeci ",,,,,,,
"phlogiston",,,"N",,,"jedeja ",,,,,,,
"phone",,,"N",,,"bifedo ",,,,,,,
"phone",,,"N",,,"suzezo ",,,,,,,
"phosphorus",,,"NU",,,"tuwaro ",,,,,,,
"photograph",,,"N",,,"hibegi ",,,,,,,
"pi",,,"N",,,"kuyale ",,,,,,,
"piano",,,"N",,,"pepiyi ",,,,,,,
"pickaxe",,,"N",,,"jakege ",,,,,,,
"pie",,,"N",,,"nebido ",,,,,,,
"pig",,,"N",,,"bogiri ",,,,,,,
"pillow",,,"N",,,"dodemu ",,,,,,,
"pincer",,,"N",,,"puguso ",,,,,,,
"pine tree",,,"N",,,"nafara ",,,,,,,
"pink",,,"AN",,,"minequ ",,,,,,,
"pinniped",,,"N",,,"wutula ",,,,,,,
"piss",,,"NU",,,"qigiwu ",,,,,,,
"piss",,,"V",,"DO","gobuvo ",,,,,,,
"pizza",,,"N",,,"hogebu ",,,,,,,
"place",,,"N",,,"nohuwa ",,,,,,,
"plan",2,,"V",,"DO","zufaqe ",,,,,,,
"plane",,,"N",,,"lawuga ",,,,,,,
"planet",,,"N",,,"pokahi ",,,,,,,
"plank",,,"N",,,"rikoto ",,,,,,,
"plant",1,,"N",,,"dayilu ",,,,,,,
"plastic",,,"NU",,,"giyedo ",,,,,,,
"pocket",,,"N",,,"poyogo ",,,,,,,
"poisonous",,,"AN",,,"desufi ",,,,,,,
"pokemon",,,"N",,,"bayufa ",,,,,,,
"Poland",,,"Name",,,"lubeho ",,,,,,,
"polity",,,"N",,,"guneme ",,,,,,,
"pollen",,,"N",,,"delene ",,,,,,,
"polyhedron",1,,"N",,,"gakujo ",,,,,,,
"poor",,,"AN",,,"sonibe ",,,,,,,
"poor",,,"AN",,,"benala ",,,,,,,
"porpoise",,,"N",,,"gapuga ",,,,,,,
"Portugal",,,"Name",,,"yipeqe ",,,,,,,
"poset",,,"N",,,"tocepo ",,,,,,,
"possess₁",,,"V",,"DO","pocofe ",,,,,,,
"possible",,,"AN",,,"wipiyo ",,,,,,,
"pot",,,"N",,,"fezofa ",,,,,,,
"potassium",,,"NU",,,"neyule ",,,,,,,
"potato",,,"N",,,"guluna ",,,,,,,
"powder",,,"N",,,"fipayi ",,,,,,,
"prairie dog",,,"N",,,"dupusu ",,,,,,,
"precede",,,"V",,"DO","kepipe ",,,,,,,
"precede",,,,,,"yodide ",,,,,,,
"precious",,,"AN",,,"bebuto ",,,,,,,
"prefer",,,"V",,"DO out-of","lubozu ",,,,,,,
"pregnant",,,"AN",,,"bayabi ",,,,,,,
"prehensile",,,"AN",,,"cikuke ",,,,,,,
"premolar",,,"N",,,"macaki ",,,,,,,
"previous",,,,,,"yodide ",,,,,,,
"primate",,,"N",,,"fesayu ",,,,,,,
"prince",,,"N",,,"nudeni ",,,,,,,
"princess",,,"N",,,"nisiju ",,,,,,,
"prion",,,"N",,,"vozenu ",,,,,,,
"probable",,,"AN",,,"jutoki ",,,,,,,
"proboscis",,,"N",,,"lujuto ",,,,,,,
"program",,,"NC",,,"zakelo ",,,,,,,
"property",,,"N",,,"wokifa ",,,,,,,
"proud",,,"AN",,,"caliqi ",,,,,,,
"pruning shears",,,"NPL",,,"zewiya ",,,,,,,
"pulley",,,"N",,,"tuqeyo ",,,,,,,
"pulsar",,,"N",,,"curewi ",,,,,,,
"puma",,,"N",,,"hegilo ",,,,,,,
"pump",,,"V",,"DO","hakure ",,,,,,,
"pumpkin",,,"N",,,"zihowi ",,,,,,,
"punch",,,"V",,"DO","winavi ",,,,,,,
"purple",,,"AN",,,"murolo ",,,,,,,
"push out",,,"V",,"DO","mamuvu ",,,,,,,
"pyjama",,,"N",,,"rapika ",,,,,,,
"quale",,,"N",,,"wiliku ",,,,,,,
"quarantined",,,"AN",,,"sujana ",,,,,,,
"quasar",,,"N",,,"jamebi ",,,,,,,
"quick",,,"AN",,,"denovo ",,,,,,,
"quick",,,"AN",,,"memaku ",,,,,,,
"quipu",,,"N",,,"hodeti ",,,,,,,
"quite",,,,,,"medapa ",,,,,,,
"rabbit",,,"N",,,"tagaze ",,,,,,,
"racoon",,,"N",,,"tarike ",,,,,,,
"radiate",,,"V",,"DO","bujoha ",,,,,,,
"railgun",1,,"N",,,"cawetu ",,,,,,,
"rain",,,"V",,,"nirunu ",,,,,,,
"rainbow",,,"N",,,"vafewi ",,,,,,,
"raise",,,"V",,"DO","hibeto ",,,,,,,
"raise",,,"V",,"DO","bimego ",,,,,,,
"ram",,,"N",,,"temaho ",,,,,,,
"rapid",,,"AN",,,"denovo ",,,,,,,
"rapid",,,"AN",,,"memaku ",,,,,,,
"rat",,,"N",,,"bezeru ",,,,,,,
"rational number",,,"N",,,"beneye ",,,,,,,
"real",,,,,,"tiragu ",,,,,,,
"real number",,,"N",,,"biqoka ",,,,,,,
"rear",,,"V",,"DO","hibeto ",,,,,,,
"reciprocal",,,"N",,"of","pajipa ",,,,,,,
"recur",,,"V",,,"bawugi ",,,,,,,
"red",,,"AN",,,"kukewo ",,,,,,,
"refrigerator",,,"N",,,"lusaya ",,,,,,,
"refuse",,,"V",,"DO","qofido ",,,,,,,
"regret",,,"V",,"DO","zeniwo ",,,,,,,
"regurgitate",,,"V",,"DO","gawobo ",,,,,,,
"reign",,,"V",,"over","gazoga ",,,,,,,
"related",,,"PPTC",,"to","gocika ",,,,,,,
"relinquish",,,"V",,"DO","latusu ",,,,,,,
"remote control",,,"N",,,"vijeda ",,,,,,,
"renowned",,,"AN",,,"mubeha ",,,,,,,
"repetitive",,,"AN",,,"nonasa ",,,,,,,
"replace",,,"V",,"DO in","dehefe ",,,,,,,
"resent",,,"V",,"DO","dawaji ",,,,,,,
"respect",,,"V",,"DO","qiqifu ",,,,,,,
"responsible",,,"AN",,"for","biluwu ",,,,,,,
"rest",,,"V",,,"dizeki ",,,,,,,
"restart",,,"V",,,"casuza ",,,,,,,
"resume",,,"V",,,"casuza ",,,,,,,
"return",,,"V",,"to","vetohi ",,,,,,,
"revere",,,"V",,"DO","bapalo ",,,,,,,
"rhinarium",,,"N",,,"wukomu ",,,,,,,
"rhinovirus",,,"N",,,"rudafo ",,,,,,,
"rhyme",,,"V",,"with","yevasa ",,,,,,,
"rich",,,"AN",,,"pididi ",,,,,,,
"rich",,,"AN",,,"fuqeva ",,,,,,,
"rifle",,,"N",,,"waticu ",,,,,,,
"right",,,,,,"tafaco ",,,,,,,
"right-handed",,,"AN",,,"heyove ",,,,,,,
"ripe",,,"AN",,,"qinevo ",,,,,,,
"ripe",,,"AN",,,"gacelo ",,,,,,,
"river",,,"N",,,"zacoye ",,,,,,,
"road",,,"N",,,"tihoqe ",,,,,,,
"robot",,,"N",,,"qiyimu ",,,,,,,
"rocking chair",,,"N",,,"wowucu ",,,,,,,
"rodent",,,"N",,,"niqoni ",,,,,,,
"roger",,,"INTJ",,,"wepuva ",,,,,,,
"romantic partner",,,"N",,"of","cetefu ",,,,,,,
"root",,,"N",,,"diceva ",,,,,,,
"rose",,,"AN",,,"minequ ",,,,,,,
"rot",,,"V",,,"moqubi ",,,,,,,
"rot",,,"V",,,"nohujo ",,,,,,,
"rubber",,,"NU",,,"wekawo ",,,,,,,
"rug",,,"N",,,"vovodo ",,,,,,,
"rule",,,"V",,"DO","gunuba ",,,,,,,
"ruminate",,,"V",,"DO","cefeka ",,,,,,,
"run",,,"V",,,"hoyogi ",,,,,,,
"Russia",,,"Name",,,"vuwiko ",,,,,,,
"rust",,,"NU",,,"tebivi ",,,,,,,
"rust",,,"V",,,"fobabi ",,,,,,,
"sacred",,,"AN",,,"soqeqa ",,,,,,,
"sad",,,"AN",,,"jojiso ",,,,,,,
"sadden",,,"V",,"DO","tucuzu ",,,,,,,
"saké",,,"NU",,,"kehuna ",,,,,,,
"saliva",,,"NU",,,"gekoto ",,,,,,,
"salivate",,,"V",,,"wilece ",,,,,,,
"salty",,,"AN",,,"tikaji ",,,,,,,
"samurai",,,"N",,,"qotizi ",,,,,,,
"sand",,,"NU",,,"cicuva ",,,,,,,
"sandhill",,,"N",,,"veteju ",,,,,,,
"sap",,,"NU",,,"mucume ",,,,,,,
"sarbecovirus",,,"N",,,"gadiqu ",,,,,,,
"Saturday",,,"N",,,"budala ",,,,,,,
"saucepan",,,"N",,,"morawe ",,,,,,,
"saw",,,"N",,,"sumesi ",,,,,,,
"say",,,"V",,"DO to","daraki ",,,,,,,
"scale",,,"N",,,"jihavo ",,,,,,,
"scaly",,,"AN",,,"yoqido ",,,,,,,
"scandium",,,"NU",,,"vudece ",,,,,,,
"scare",,,"V",,"DO","dumuku 21",,,,,,,
"scared",,,"AN",,"of","dumuku ",,,,,,,
"scared",,,"AN",,,"cibivo ",,,,,,,
"scientist",,,"N",,,"vejawo ",,,,,,,
"scissors",,,"NPL",,,"lesodi ",,,,,,,
"screen",,,"N",,,"nazaqi ",,,,,,,
"screw",,,"N",,,"tibage ",,,,,,,
"screwdriver",,,"N",,,"cowova ",,,,,,,
"scrotum",,,"N",,,"jazamo ",,,,,,,
"sea of clouds",,,"N",,,"zinifa ",,,,,,,
"secateurs",,,"NPL",,,"zewiya ",,,,,,,
"sedenion",,,"N",,,"decasi ",,,,,,,
"see",1,,"V",,"DO","zapiyo ",,,,,,,
"see",2,,"V",,"DO","liwate ",,,,,,,
"see",3,,"V",,"DO","kiwonu ",,,,,,,
"seed",,,"N₁",,,"dorawo ",,,,,,,
"seem",,,"V",,"to+INF","zogido ",,,,,,,
"seize",1,,"V",,"DO","vahati ",,,,,,,
"selenium",,,"NU",,,"nucuvu ",,,,,,,
"senecent",,,"AN",,,"yorero ",,,,,,,
"sensitive",,,"AN",,,"fefezu ",,,,,,,
"serious",,,"AN",,,"lehoma ",,,,,,,
"servant",,,,,,"metayi ",,,,,,,
"set",,,"N",,,"vazuji ",,,,,,,
"seven",,,"AN",,,"zazabo ",,,,,,,
"shadow",,,"N",,"of","rinola ",,,,,,,
"shake",,,"V",,,"davage ",,,,,,,
"shaman",,,"N",,,"juwati ",,,,,,,
"shaman",,,"N",,,"muriso ",,,,,,,
"shark",,,"N",,,"zoriju ",,,,,,,
"sharp",,,"AN",,,"tugugo ",,,,,,,
"she",,,"PRO",,,,,,,,,,
"sheep",,,"N",,,"tenifo ",,,,,,,
"shell",,,"N",,,"micuwu ",,,,,,,
"shield",,,"N",,,"fahazu ",,,,,,,
"ship",,,"N",,,"hunate ",,,,,,,
"shirt",,,"N",,,"bakimi ",,,,,,,
"shit",,,"V",,"DO","himaho ",,,,,,,
"shit",,,"N",,,"mefaki ",,,,,,,
"shiver",,,"V",,,"hakoje ",,,,,,,
"shock",,,"V",,"DO","yumiye 21",,,,,,,
"shock",,,"V",,"DO","riciko 21",,,,,,,
"shocked",,,"AN",,,"sawibu ",,,,,,,
"shoe",,,"N",,,"sehuki ",,,,,,,
"short",,,"AN",,,"dobuhe ",,,,,,,
"shoulder",,,"N",,,"mibuyi ",,,,,,,
"shout",,,"V",,"DO","tayita ",,,,,,,
"shovel",,,"N",,,"rapulu ",,,,,,,
"shrew",,,"N",,,"punora ",,,,,,,
"shrub",1,,"N",,,"butihi ",,,,,,,
"shudder",,,"V",,,"hakoje ",,,,,,,
"shutter",,,"N",,,"zijofu ",,,,,,,
"sibling",,,"N",,"of","petiwi ",,,,,,,
"sick",,,"AN",,,"kiyadu ",,,,,,,
"side",,,"N",,"of","suvafi ",,,,,,,
"sign",,,"N",,"of","gimugu 21",,,,,,,
"silent",,,"AN",,,"fosocu ",,,,,,,
"silicon",,,"NU",,,"dodize ",,,,,,,
"silk",,,"NU",,,"lirihe ",,,,,,,
"silver",,,"NU",,,"zucaco ",,,,,,,
"similar",,,"AN",,"to","nepuqa ",,,,,,,
"simple",,,"AN",,,"vucare ",,,,,,,
"simultaneous",,,"AN",,"with","qakiro ",,,,,,,
"sincere",,,"AN",,,"zezejo ",,,,,,,
"sing",,,"V",,"DO","potubo ",,,,,,,
"sink",,,"V",,,"tutiwu ",,,,,,,
"sinus",,,"N",,,"vopuce ",,,,,,,
"sister",,,"N",,"of","lirevu ",,,,,,,
"six",,,"AN",,,"juhazo ",,,,,,,
"skin",,,"N",,,"zowima ",,,,,,,
"sky",,,"N",,,"zayawa ",,,,,,,
"sleep",,,"V",,,"sevudo ",,,,,,,
"sleeping bag",,,"N",,,"resiti ",,,,,,,
"slipper",,,"N",,,"yokine ",,,,,,,
"slippery",,,"AN",,,"daqatu ",,,,,,,
"slope",,,"N",,,"nedaza ",,,,,,,
"slow",,,"AN",,,"koheju ",,,,,,,
"slow",,,"AN",,,"govuka ",,,,,,,
"smart",,,"AN",,,"vaquni ",,,,,,,
"smartphone",,,"N",,,"punoye ",,,,,,,
"smoke",,,"N",,,"sesina ",,,,,,,
"smolder",,,"V",,,"goteho ",,,,,,,
"snake",,,"N",,,"kisudo ",,,,,,,
"sneeze",,,"V",,,"yobezi ",,,,,,,
"snore",,,"V",,,"qodebe ",,,,,,,
"snow",,,"NU",,,"ladata ",,,,,,,
"snow",,,"V",,,"sewaza ",,,,,,,
"snowflake",,,"N",,,"lagegu ",,,,,,,
"so",1,,"PROS",,,,"⦃sentence anaphora⦄",,,,,,
"so",2,,"ADM",,,,"so much",,,,,,
"so",,,"ADV",,,,,,,,,,
"so that",,,"COO",,,,,,,,,,
"soap",,,"N",,,"capivu ",,,,,,,
"society",,,"N",,,"maropa ",,,,,,,
"sock",,,"N",,,"zoqudi ",,,,,,,
"sodium",,,"NU",,,"lejufi ",,,,,,,
"sofa",,,"N",,,"giroye ",,,,,,,
"software",,,"NU",,,"zakelo ",,,,,,,
"solar panel",,,"N",,,"sohumo ",,,,,,,
"solar system",,,"N",,,"botojo ",,,,,,,
"soldier",,,"N",,,"namoko ",,,,,,,
"some",,,"DET",,,"saruyo ",,,,,,,
"son",,,"N",,"of","pudayi ",,,,,,,
"song",,,"N",,,"gigiwe ",,,,,,,
"soon",1,,"AV",,,"megoji ",,,,,,,
"sound",,,"N",,,"zuqapi ",,,,,,,
"soup",,,"NU",,,"wecuha ",,,,,,,
"sour",,,"AN",,,"yemape ",,,,,,,
"South America",,,"Name",,,"tomusu ",,,,,,,
"South America",,,"Name",,,"zivete ",,,,,,,
"South Korea",,,"Name",,,"fawizu ",,,,,,,
"soy sauce",,,"NU",,,"roneli ",,,,,,,
"Spain",,,"Name",,,"rakiqo ",,,,,,,
"speak",1,,"V",,"to","juweku ",,,,,,,
"speak",2,,"V",,"DO","livehi ",,,,,,,
"spear",,,"N",,,"luhepi ",,,,,,,
"spermatozoid",,,"N",,,"wuduvu ",,,,,,,
"spider",,,"N",,,"puguda ",,,,,,,
"spit",,,"V",,"DO","yegara ",,,,,,,
"spoon",,,"N",,,"cudalo ",,,,,,,
"spring",,,"N",,,"detuto ",,,,,,,
"springtime",,,"N",,,"detuto ",,,,,,,
"square",,,"N",,"of","movuli ",,,,,,,
"square",,,"N",,,"fobida ",,,,,,,
"square root",,,"N",,"of","movuli 21",,,,,,,
"square",2,,"N",,,"duyuco ",,,,,,,
"squeeze",,,"V",,"DO","heyumi ",,,,,,,
"stab",,,"V",,"DO","jumeju ",,,,,,,
"staircase",,,"N",,,"pulara ",,,,,,,
"stairway",,,"N",,,"pulara ",,,,,,,
"star",,,"N",,,"sawahe ",,,,,,,
"start",,,"V",,"to","zudeve ",,,,,,,
"start",,,"V",,,"nobawe ",,,,,,,
"state",1,,"N",,,"qigofu ",,,,,,,
"state",2,,"N",,,"guneme ",,,,,,,
"stellar body",,,"N",,,"docuga ",,,,,,,
"step",,,"V",,,"zukeca ",,,,,,,
"stick",,,"V",,"to","gefaba ",,,,,,,
"stimulus",,,"N",,,"ruqewe ",,,,,,,
"sting",,,"V",,"DO","dodoqa ",,,,,,,
"stone",1,,"N",,,"huloma ",,,,,,,
"storm",,,"N",,,"vawede ",,,,,,,
"story",,,"N",,,"sewema ",,,,,,,
"stove",,,"N",,,"tagowu ",,,,,,,
"straight",,,"AN",,,"suluwa ",,,,,,,
"straight line",,,"N",,,"laziwa ",,,,,,,
"strange",,,"AN",,,"cavoyo ",,,,,,,
"strawberry",,,"N",,,"vojovu ",,,,,,,
"street",,,"N",,,"zuhiku ",,,,,,,
"stressed",,,"AN",,,"nasaqu ",,,,,,,
"stroke",,,"V",,"DO","gunoqo ",,,,,,,
"strong",,,"AN",,,"zudoho ",,,,,,,
"student",,,"N",,,"tasiqa ",,,,,,,
"study",,,"V",,"DO","buwabo ",,,,,,,
"stunned",,,"AN",,,"sawibu ",,,,,,,
"subsequence",,,"N",,"of","sehiva ",,,,,,,
"substance",,,"N",,,"kunido ",,,,,,,
"succeed",,,"V",,"DO","tewuhi ",,,,,,,
"successor",,,,,,"mafeyo number",,,,,,,
"suggest",,,"V",,"DO to","neqima ",,,,,,,
"sulfur",,,"NU",,,"bidevo ",,,,,,,
"sum",,,"N",,"of","zeluwi ",,,,,,,
"sum",,,"N",,"of","cisiwe ",,,,,,,
"summer",,,"N",,,"zuvalu ",,,,,,,
"summertime",,,"N",,,"zuvalu ",,,,,,,
"Sunday",,,"N",,,"kilesi ",,,,,,,
"surgeon",,,"N",,,"godaci ",,,,,,,
"surpass",,,"V",,"DO in","limege ",,,,,,,
"surprised",,,"AN",,,"zijaki ",,,,,,,
"survive",,,"V",,"DO","sunoqi ",,,,,,,
"swallow",,,"V",,"DO","saloti ",,,,,,,
"swamp",,,"N",,,"zayaze ",,,,,,,
"sweat",,,"V",,"DO","zimazi ",,,,,,,
"sweat",,,"V",,"DO","pehuwi ",,,,,,,
"sweater",,,"N",,,"rifato ",,,,,,,
"sweet potato",,,"N",,,"dafoli ",,,,,,,
"swollen",,,"AN",,,"yovaso ",,,,,,,
"swoop",,,"V",,,"guqita ",,,,,,,
"sword",,,"N",,,"watuta ",,,,,,,
"syringe",,,"N",,,"wojede ",,,,,,,
"table₁",,,"N",,,"yohaye ",,,,,,,
"taboo",,,"AN",,,"rijapa ",,,,,,,
"tail",,,"N",,,"fuvika ",,,,,,,
"tailless",,,"AN",,,"sozuju ",,,,,,,
"take care",,,"V",,"of","keyepe ",,,,,,,
"take part",,,"V",,"in","gutime ",,,,,,,
"take",1,,"V",,"DO","vahati ",,,,,,,
"talented",,,"AN",,,"jorapa ",,,,,,,
"talk",1,,"V",,"to","juweku ",,,,,,,
"tall",,,"AN",,,"kiripa ",,,,,,,
"tame",,,"AN",,,"huwudo ",,,,,,,
"tame",,,"AN",,,"pevobo ",,,,,,,
"tangled",,,"AN",,,"laqame ",,,,,,,
"tank",,,"N",,,"koyala ",,,,,,,
"tautology",,,"N",,,"habohi ",,,,,,,
"tea",,,"N",,,"tebika ",,,,,,,
"teacher",,,"N",,,"ciwibe ",,,,,,,
"teaspoon",,,"N",,,"sazahu ",,,,,,,
"teepee",,,"N",,,"yivubu ",,,,,,,
"telephone",,,"N",,,"suzezo ",,,,,,,
"television",,,"N",,,"tizehu ",,,,,,,
"tempt",,,"V",,"DO","fuvuti ",,,,,,,
"tempting",,,"AN",,"to","fuvuti ",,,,,,,
"ten",,,"AN",,,"lebuku ",,,,,,,
"tend",,,"V",,"to+INF","qowahi ",,,,,,,
"tent",,,"N",,,"fuyaki ",,,,,,,
"tentacle",,,"N",,,"regara ",,,,,,,
"tetrahedron",,,"N",,,"kibula ",,,,,,,
"than",,,"P",,,,,,,,,,
"thank",,,"V",,"DO","cokeyu ",,,,,,,
"thankful",,,"AN",,"to for","hazoya ",,,,,,,
"thankful",,,"AN",,"to for","heyimu ",,,,,,,
"that",3,,"SUBR",,,,,,,,,,
"that",1,,"D",,,"nelisi ",,,,,,,
"that",2,,"D",,,"gatabi ",,,,,,,
"the Bolzmann constant",,,"DP",,,"woyasi ",,,,,,,
"the number eight",,,"DP",,,"qafaho ",,,,,,,
"the number eleven",,,"DP",,,"rawoze ",,,,,,,
"the number five",,,"DP",,,"zohoki ",,,,,,,
"the number four",,,"DP",,,"punuza ",,,,,,,
"the number nine",,,"DP",,,"yogemi ",,,,,,,
"the number one",,,"DP",,,"gosiwi ",,,,,,,
"the number pi",,,"DP",,,"kuyale ",,,,,,,
"the number seven",,,"DP",,,"kizinu ",,,,,,,
"the number six",,,"DP",,,"kumozi ",,,,,,,
"the number ten",,,"DP",,,"piname ",,,,,,,
"the number three",,,"DP",,,"royomi ",,,,,,,
"the number twelve",,,"DP",,,"tuhewa ",,,,,,,
"the number two",,,"DP",,,"jicili ",,,,,,,
"the number zero",,,"DP",,,"deneyu ",,,,,,,
"the real world",,,"DP",,,"bumizi ",,,,,,,
"the same",,,"DP",,"as","suyelu ",,,,,,,
"the speed of light",,,"DP",,,"culumo ",,,,,,,
"the universe",,,"DP",,,"hisabo ",,,,,,,
"the",1,,"D",,,"-","⦃named bound variable determiner⦄",,,,,,
"the",2,,"D",,,"-","⦃kind determiner⦄",,,,,,
"the",3,,"D",,,,"⦃exhaustivity determiner⦄",,,,,,
"the",4,,"D",,,,"⦃contextual salient instance⦄",,,,,,
"the",5,,"D",,,,"⦃possessive⦄",,,,,,
"the",6,,"D",,,,"⦃familiar name determiner⦄ ⁅colloquial⁆",,,,,,
"the",7,,"D",,,,"⦃best⦄",,,,,,
"the",8,,"D",,,,"⦃demonym article⦄",,,,,,
"their",,,"D",,,,,,,,,,
"then",,,"ADV",,,,,,,,,,
"there",,,"ADV",,,,,,,,,,
"thermometer",,,"N",,,"kituji ",,,,,,,
"they",,,"PRO",,,,,,,,,,
"thing",1,,"N",,,"gisiwu ",,,,,,,
"think",2,,"V",,"DO","hocobo ",,,,,,,
"this",1,,"D",,,"zukuye ",,,,,,,
"thorn",,,"N",,,"qewapi ",,,,,,,
"thought",2,,"N",,,"javalu ",,,,,,,
"three",,,"AN",,,"kiraya ",,,,,,,
"through",,,,,,"foqeso ",,,,,,,
"through stone",,,"N",,,"piqome ",,,,,,,
"throw",,,"V",,"DO","dilere ",,,,,,,
"Thursday",,,"N",,,"fiberi ",,,,,,,
"tiger",,,"N",,,"regiya ",,,,,,,
"time",,,"N",,,"levege ",,,,,,,
"timespan",,,"N",,,"gegulu ",,,,,,,
"tire",,,"N",,,"tarevo ",,,,,,,
"titanium",,,"NU",,,"darome ",,,,,,,
"to",1,,"PRT",,,,"⦃infinitive constructor⦄",,,,,,
"to",2,,"PRT",,,,"in order to",,,,,,
"to",3,,"P",,,,"⦃dative preposition⦄",,,,,,
"to",4,,"P",,,,"to destination or final location …",,,,,,
"to",5,,"P",,,,"with result …",,,,,,
"toe",,,"N",,,"tabuze ",,,,,,,
"together with",,,"NCOO",,,"nawulu ",,,,,,,
"toilet",,,"N",,,"vuvifo ",,,,,,,
"tomato",1,,"N",,,"yodava ",,,,,,,
"tomato",2,,"N",,,"seruwi ",,,,,,,
"tongue",,,"N",,,"rofoga ",,,,,,,
"too",,,"FOC",,,"yohecu ",,,,,,,
"too",,,"FOC",,,"sucuyi ",,,,,,,
"toolbox",,,"N",,,"tajufo ",,,,,,,
"tooth",,,"N",,,"yapahi ",,,,,,,
"tornado",,,"N",,,"rekomo ",,,,,,,
"torso",,,"N",,,"lukaso ",,,,,,,
"touch",,,"V",,"DO","jepeno ",,,,,,,
"towel",,,"N",,,"peyesi ",,,,,,,
"toy",,,"N",,,"badiqo ",,,,,,,
"traffic light",,,"N",,,"pebino ",,,,,,,
"train",,,"N",,,"tewesa ",,,,,,,
"trait",,,"N",,,"wokifa ",,,,,,,
"transparent",,,"AN",,,"cageki ",,,,,,,
"treat",,,"V",,"DO","fonigo ",,,,,,,
"tree",1,,"N",,,"tiliva ",,,,,,,
"tree",2,,"N",,,"tagiqa ",,,,,,,
"tremble",,,"V",,,"davage ",,,,,,,
"triangle",,,"N",,,"yifoti ",,,,,,,
"tricycle",,,"N",,,"nocawu ",,,,,,,
"trousers",,,"NPL",,,"fehuci ",,,,,,,
"trowel",,,"N",,,"tazoba ",,,,,,,
"true",,,"AN",,,"tunabe ",,,,,,,
"trumpet",,,"N",,,"getupa ",,,,,,,
"trunk",,,"N",,,"lukaso ",,,,,,,
"trust",,,"V",,"DO","jazega ",,,,,,,
"try",,,"V",,"DO","dubanu ",,,,,,,
"tsunami",,,"N",,,"bifune ",,,,,,,
"tube",,,"N",,,"juboru ",,,,,,,
"tubercule",,,"N",,,"fucono ",,,,,,,
"Tuesday",,,"N",,,"qeyawe ",,,,,,,
"turquoise",,,"AN",,,"rubuho ",,,,,,,
"tusk",,,"N",,,"fumuyo ",,,,,,,
"TV",,,"N",,,"tizehu ",,,,,,,
"twelve",,,"AN",,,"codito ",,,,,,,
"twin",,,"N",,"of","walugu ",,,,,,,
"two",,,"AN",,,"qudase ",,,,,,,
"type",,,"N",,"of","fukepa ",,,,,,,
"typewriter",,,"N",,,"ticoke ",,,,,,,
"umami",,,"AN",,,"qivuge ",,,,,,,
"umbrella",,,"N",,,"gewina ",,,,,,,
"uncommon",,,"AN",,,"yesuru ",,,,,,,
"underpant",,,"N",,,"bufajo ",,,,,,,
"understand",,,"V",,"DO","cimana ",,,,,,,
"underwear",,,"N",,,"bufajo ",,,,,,,
"unguligrade",,,"N",,,"wivuno ",,,,,,,
"unicorn",,,"N",,,"zemama ",,,,,,,
"unimportant",,,"AN",,,"wosimu ",,,,,,,
"untrue",1,,"AN",,,"maruhe ",,,,,,,
"unwealthy",,,"AN",,,"benala ",,,,,,,
"up",,,"ADV",,,,,,,,,,
"upriver",,,"AV",,,"zaluve ",,,,,,,
"urinate",,,"V",,"DO","gobuvo ",,,,,,,
"urine",,,"NU",,,"qigiwu ",,,,,,,
"using",,,,,,"yutigo ",,,,,,,
"uvula",,,"N",,,"qesotu ",,,,,,,
"vacuum cleaner",,,"N",,,"vuhulu ",,,,,,,
"vagina",,,"N",,,"sitobi ",,,,,,,
"valley",,,"N",,,"rolani ",,,,,,,
"vanadium",,,"NU",,,"cebate ",,,,,,,
"varied",,,"AN",,,"yoyuqa ",,,,,,,
"vegetarian",,,"N",,,"jidumo ",,,,,,,
"vegetarian",,,"AN",,,"jidumo ",,,,,,,
"vehicle",,,"N",,,"tuhoyo ",,,,,,,
"velvet",,,"NU",,,"vetejo ",,,,,,,
"venerate",,,"V",,"DO","bapalo ",,,,,,,
"ventilator",,,"N",,,"suhifu ",,,,,,,
"vibrissa",,,"N",,,"niruva ",,,,,,,
"video",,,"N",,,"vetibo ",,,,,,,
"vine",,,"N",,,"segopu ",,,,,,,
"violet",,,"AN",,,"togafa ",,,,,,,
"violin",,,"N",,,"zicela ",,,,,,,
"viroid",,,"N",,,"puqoqo ",,,,,,,
"virtuous",,,"AN",,,"rezica ",,,,,,,
"virus",,,"N",,,"nabupa ",,,,,,,
"visit",,,"V",,"DO","wacuda ",,,,,,,
"vitamin",,,"N",,,"vobuzu ",,,,,,,
"vodka",,,"NU",,,"naluri ",,,,,,,
"voice",,,"N",,"of","vokeli 21",,,,,,,
"voice",,,"N",,,"viduku ",,,,,,,
"volcano",,,"N",,,"hotuna ",,,,,,,
"volunteer",,,"V",,"for","weweqi ",,,,,,,
"vomite",,,"V",,"DO","gawobo ",,,,,,,
"vulva",,,"N",,,"terudi ",,,,,,,
"waist",,,"N",,,"juziqo ",,,,,,,
"wait",,,"V",,"for to+INF","boyova ",,,,,,,
"wait",,,"V",,"for","goveda ",,,,,,,
"walk",,,"V",,,"qetufo ",,,,,,,
"walkie-talkie",,,"N",,"C ","joyibo ",,,,,,,
"walnut tree",,,"N",,"C ","cehagu ",,,,,,,
"walrus",,,"N",,"C ","bumase ",,,,,,,
"want",,,"V",,"DO","feyibi ",,,,,,,
"wash",,,"V",,"DO","ciyote ",,,,,,,
"washing machine",,,"N",,"C ","ranimo ",,,,,,,
"wasp",,,"N",,"C ","donala ",,,,,,,
"water",,,"N",,"U ","seliwa ",,,,,,,
"waterfall",,,"N",,"C ","walavu ",,,,,,,
"watering can",,,"N",,"C ","wowube ",,,,,,,
"watermelon",,,"N",,"C ","walaji ",,,,,,,
"wax",,,"N",,"U ","wapube ",,,,,,,
"way",,,"N",,,,,,,,,,
"we",1,,"PRO",,,"wezuti ",,,,,,,
"weak",,,"AN",,,"nomiwu ",,,,,,,
"wealthy",,,"AN",,,"fuqeva ",,,,,,,
"weapon",,,"N",,,"pizufe ",,,,,,,
"weave",,,"V",,"DO","rifanu ",,,,,,,
"Wednesday",,,"N",,,"jabeqi ",,,,,,,
"weekend",,,"N",,,"miliwo ",,,,,,,
"weekly",,,"AV",,,"baziso ",,,,,,,
"weep",,,"V",,"DO","vigofo ",,,,,,,
"weird",,,"AN",,,"cavoyo ",,,,,,,
"welcome",,,"V",,"DO to","nilupe ",,,,,,,
"welcome",,,"V",,"DO","nizido ",,,,,,,
"well-behaved",,,"AN",,,"zuniho ",,,,,,,
"wet",,,"AN",,,"kupaka ",,,,,,,
"whale",,,"N",,,"menuma ",,,,,,,
"what",,,"PRO",,,,,,,,,,
"wheel",,,"N",,,"risowa ",,,,,,,
"when",,,"ADV",,,,,,,,,,
"which",,,"D",,,,,,,,,,
"whistle","N2",,"N",,,"vejonu ",,,,,,,
"white",,,"AN",,,"qokaza ",,,,,,,
"who",,,"PRO",,,,,,,,,,
"whole",,,"AN",,,"ruyuti ",,,,,,,
"wife",,,"N",,"of","ligahu ",,,,,,,
"will",,,"AUX",,,,"⦃future tense⦄",,,,,,
"wind",,,"N",,,"howahu ",,,,,,,
"wind turbine",,,"N",,,"navufi ",,,,,,,
"window",,,"N",,,"yoyoba ",,,,,,,
"wine",,,"NU",,,"nenoda ",,,,,,,
"wing",,,"N",,,"diyizi ",,,,,,,
"wipe",,,"V",,"DO","diwovo ",,,,,,,
"wire",,,"N",,,"yiwaru ",,,,,,,
"wise",,,"AN",,,"hedahe ",,,,,,,
"with",2,,"P",,,"gocika ",,,,,,,
"with",3,,"P",,"SS","tofubo ",,,,,,,
"with",2,,"P",,"SS","yojobe ",,,,,,,
"with",1,,"P",,,"voyove ",,,,,,,
"with",,,,,,"yutigo ",,,,,,,
"within",,,"P",,,"zatiqo 21",,,,,,,
"wolf",,,"N",,,"kewabe ",,,,,,,
"wool",,,"NU",,,"gacafe ",,,,,,,
"worm",,,"N",,,"vamope ",,,,,,,
"worth",,,"AN",,"of","yazomi ",,,,,,,
"would",,,"AUX",,,,,,,,,,
"wrist",,,"N",,,"kekobo ",,,,,,,
"xor",,,"COO",,,"qolevo ",,,,,,,
"yawn",,,"V",,,"duhaqu ",,,,,,,
"yellow",,,"AN",,,"putovo ",,,,,,,
"yes",,,"ANSW",,,"tunabe ",,,,,,,
"yogurt",,,"N",,,"cufogo ",,,,,,,
"you",,,"PRO",,,"yilawu ",,,,,,,
"your",,,"D",,,"yotise ",,,,,,,
"your",,,"D",,,"yotena ",,,,,,,
"yours",,,"NPOSS",,,"yotise ",,,,,,,
"yours",,,"NPOSS",,,"yotena ",,,,,,,
"yurt",,,"N",,,"yifune ",,,,,,,
"Zeppelin",,,"N",,,"zeyeyu ",,,,,,,
"zinc",,,"NU",,,"socuqi ",,,,,,,
"zucchini",,,,,,"zumuva @US",,,,,,,
"π",,,"N",,,"kuyale ",,,,,,,
