"Lemma","Discriminator","Oral Lemma","Oral Discriminator","Dialect","Supertype","Morphotype","Features","Sememe","Definition","Examples","Synonyms","Gloss","Frequency","Etymology","Etymological notes"
"ADN",1,"adeɛn",1,,"N",,"M","hibiya ",,,,,,,
"ARN",1,"aɛʁɛn",1,,"N",,"M","ficopu ",,,,,,,
"OK",1,"oke",1,,"INTJ",,,"wepuva ",,,,,,,
"europe",1,"øʁɔp",1,,"N",,"DEF F","jalaki ",,,,,,,
"abdomen",1,"abdomɛn",1,,"N",,"M","jarobe ",,,,,,,
"abeille",1,"abɛj",1,,"N",,"F","zayami ",,,,,,,
"abreuvoir",1,"abʁøvwaʁ",1,,"N",,"M","bazemi ",,,,,,,
"absorb-",1,"absɔʁb",1,,"V","@-er","DO","matube ",,,,,,,
"adelphe",1,"adɛlf",1,,"N",,"M de","petiwi ",,,,,,,
"age",1,"aʒ",1,,"N",,"de","zupahe 21",,,,,,,
"aigu",1,"ɛgy",1,,"AN",,,"zupuzu ",,,,,,,
"aile",1,"ɛl",2,,"N",,"F","diyizi ",,,,,,,
"aim-",1,"ɛm",1,,"V","@-er","DO","tawale ",,,,,,,
"air",1,"ɛʁ",1,,"N",,"M","zawefe ",,,,,,,
"aisselle",1,"ɛsɛl",1,,"N",,"F","pehonu ",,,,,,,
"alcool",1,"alkɔl",1,,"N",,"M","gomadu ",,,,,,,
"all-",1,"al-",1,,"V","@INF-er","à depuis","zafejo ",,,,,,,
"all-",2,"al-",2,,"V","@INF-er","de à","zafejo 132",,,,,,,
"all-",3,"al-",3,,"V","@INF-er","INF","sosaqe ",,,,,,,
"aluminium",,"alyminjɔm",,,"N",,"M","virana ",,,,,,,
"ambre",,"ɑ͂bʁ",,,"N",,"M","jepigi ",,,,,,,
"ami",,"ami",,,"N",,"M de","ciruge ",,,,,,,
"animal",,"animal",,,"N",,"M","ziwayu ",,,,,,,
"antenne",,"ɑ͂tɛn",,,"N",,"F","yehida ",,,,,,,
"anus",,"anys",,,"N",,"M","sogivo ",,,,,,,
"appareil photo",,"apaʁɛj foto",,,"N",,"M","qotomi ",,,,,,,
"appareil photographique",,"apaʁɛj fotogʁafik",,,"N",,"M","qotomi ",,,,,,,
"appel",,"apel",,,"N",,"M",,,,,,,,
"appel-",2,"apl- / apøl-",,2,"V","@-er ★INF-er","DO","qojudi ",,,,,,,
"appel-",1,"apl- / apøl-",,1,"V","@-er ★INF-er","DO","ruyeba ",,,,,,,
"∅",,"apel",,,"V","★FIN-er",,,,,,,,,
"apprend-",1,"apʁɑ͂",,,"V","@-dre","à+INF","bokagu ",,,,,,,
"apprend-",1,"apʁɑ͂",,,"V","@-dre","DO","padago ",,,,,,,
"araignée",1,"aʁɛnje",1,,"N",,"F","puguda ",,,,,,,
"arbre",1,"aʁbʁ",1,,"N",,"M","tiliva ",,,,,,,
"arc",,"aʁk",,,"N",,"M","jopoca ",,,,,,,
"arc-en-ciel",,"aʁkɑ͂sjɛl",,,"N",,"M","vafewi ",,,,,,,
"argile",,"aʁʒil",,,"N",,"F","wusivu ",,,,,,,
"argon",,"aʁgɔ͂",,,"N",,"M","wujipu ",,,,,,,
"arme",1,"aʁm",1,,"N",,"F","pizufe ",,,,,,,
"armée",1,"aʁme",,,"N",,"F",,,,,,,,
"arm-",1,"aʁm",2,,"V","@-er",,,,,,,,,
"arriv-",1,"aʁiv",,,"V","@-er","à","dekuko ",,,,,,,
"arrosoir",,"aʁozwaʁ",,,"N",,"M","wowube ",,,,,,,
"arrêt de bus",,"aʁɛ dø bys",,,"N",,"M","wogovo ",,,,,,,
"arsenic",,"aʁsønik",,,"N",,"M","hopori ",,,,,,,
"artefact",,"aʁtefakt",,,"N",,"M","sehive ",,,,,,,
"arthropode",,"aʁtʁopɔd",,,"N",,"M","hekuwe ",,,,,,,
"artère",,"aʁtɛʁ",,,"N",,"F","pimiwu ",,,,,,,
"artéfact",,"aʁtefakt",,,"N",,"M","sehive ",,,,,,,
"attaqu-",,"atak-",,,"V","@-er","DO","vutiko ",,,,,,,
"attend-",,"atɑ͂-",,,"V","@-dre","DO pour","boyova ",,,,,,,
"attend-",,"atɑ͂-",,,"V","@-dre","DO","goveda ",,,,,,,
"auge",,"ɔʒ",,,"N",,"F","cesawo ",,,,,,,
"aujourd’hui",,"ɔʒuʁdɥi",,,"AV",,,"pulogi ",,,,,,,
"aussi",,"osi",,,"FOC",,,"yohecu ",,,,,,,
"automobile",,"otomobil",,,"N",,"F","yolase ",,,,,,,
"aval-",,"aval",,,"V","@-er","DO","saloti ",,,,,,,
"avoir faim",,"avwaʁ fɛ͂",,,"V",,,"borovi ",,,,,,,
"avoir soif",,"avwaʁ swaf",,,"V",,,"datiso ",,,,,,,
"avoir",1,"avwaʁ",,,"V","@INF","DO","pocofe ",,,,,,,
"azote",,"azɔt",,,"N",,"M","wupide ",,,,,,,
"aéroglisseur",,"aeʁoglisœʁ",,,"N",,"M","zulaku ",,,,,,,
"aïl",,"aj",,,"N",,"M","kagiko ",,,,,,,
"bactérie",,"bakteʁi",,,"N",,"F","bumere ",,,,,,,
"baill-",,"baj",,,"V","@-er",,"duhaqu ",,,,,,,
"baleine",,"balɛn",,,"N",,"F","menuma ",,,,,,,
"banane",,"banan",,,"N",,"F","niyiri ",,,,,,,
"banc",,"bɑ͂",,,"N",,"M","mejoqu ",,,,,,,
"banjo",,"banʒo",,,"N",,"M","wibewu ",,,,,,,
"barbe",,"baʁb",,,"N",,"F","qimeri ",,,,,,,
"barrage",,"baʁaʒ",,,"N",,"M","gokeda ",,,,,,,
"bateau",,"bato",,,"N",,"M","hunate ",,,,,,,
"bat-",,"ba",,,"V","@-tre @precons","DO","bunofi ",,,,,,,
"batt-",,"bat-",,,"V","@-tre @prevoc","DO","bunofi ",,,,,,,
"beau",,"bo",,,"AN",,,"wivulu ",,,,,,,
"bec",1,"bɛk",1,,"N",,"M","buqado ",,,,,,,
"betterave",,"bɛtʁav",,,"N",,"F","wuyece ",,,,,,,
"beurre",,"bœʁ",,,"N",,"M","gonata ",,,,,,,
"bicyclette",,"bisiklɛt",,,"N",,"F","vapewe ",,,,,,,
"bien reçu",,"bjɛ͂ ʁøsy",,,"INTJ",,,"wepuva ",,,,,,,
"bientôt",1,"bjɛ͂to",,,"AV",,,"megoji ",,,,,,,
"bipède",,"bipɛd",,,"N",,"M","seqero ",,,,,,,
"bière",,"bjɛʁ",,,"N",,"F","mupilo ",,,,,,,
"blanc",,"blɑ͂",,,"AN",,,"qokaza ",,,,,,,
"bleu",,"blø",,,"AN",,,"jayina ",,,,,,,
"boi-",,"bwa",,,"V","@voire","DO","cewide ",,,,,,,
"boite",,"bwat",,,"N",,"F","meluyo ",,,,,,,
"boite à outils",,"bwat a uti",,,"N",,"F","tajufo ",,,,,,,
"bol",,"bɔl",,,"N",,"M","busiba ",,,,,,,
"bombe",,"bɔ͂b",,,"N",,"F","wovuyu ",,,,,,,
"bore",,"bɔʁ",,,"N",,"M","cobewo ",,,,,,,
"bouche",,"buʃ",,,"N",,"F","wahulo ",,,,,,,
"bouclier",,"buklie",,,"N",,"M","fahazu ",,,,,,,
"bougie",,"buʒi",,,"N",,"F","mobupa ",,,,,,,
"bouteille",,"butɛj",,,"N",,"F","pewuve ",,,,,,,
"bouton",2,"butɔ͂",,,"N",,"M","pujuho ",,,,,,,
"bovin",,"bovɛ͂",,,"N",,"M","nuviri ",,,,,,,
"branche",,"bʁɑ͂ʃ",,,"N",,"F","tisoke ",,,,,,,
"branchies",,"bʁɑ͂ʃi",,,"N",,"F PL","posahe ",,,,,,,
"bras",,"bʁa",,,"N",,"M","copika ",,,,,,,
"brin",1,"bʁɛ͂",,,"N",,"M",,,,,,,,
"brique",,"bʁik",,,"N",,"F","fayeru ",,,,,,,
"brome",,"bʁɔm",,,"N",,"M","taniti ",,,,,,,
"bronze",,"bʁɔ͂z",,,"N",,"M","biyomo ",,,,,,,
"brun",1,"bʁɛ͂",,,"AN","@M",,"didizo ",,,,,,,
"bureau",1,"byʁo",,,"N",,"M","rayema ",,,,,,,
"bus",,"bys",,,"N",,"M","rajola ",,,,,,,
"bâtiment",,"batimɑ͂",,,"N",,"M","zomayi ",,,,,,,
"bélier",,"belje",,,"N",,"M","temaho ",,,,,,,
"béryllium",,"beʁiljɔm",,,"N",,"M","bediwe ",,,,,,,
"cable",,"kabl",,,"N",,"M","pegefo ",,,,,,,
"cable",,"kabl",,,"N",,"M","yiwaru ",,,,,,,
"café",,"kafe",,,"N",,"M","dopema ",,,,,,,
"cageot",,"kaʒo",,,"N",,"M","coyete ",,,,,,,
"calcium",,"kalsjɔm",,,"N",,"M","pomato ",,,,,,,
"caméra",,"kameʁa",,,"N",,"F","segeco ",,,,,,,
"canapé",,"kanape",,,"N",,"M","giroye ",,,,,,,
"cancéreux",,"kɑ͂seʁø",,,"AN",,,"nabude ",,,,,,,
"canette",,"kanɛt",,,"N",,"F","gunawa ",,,,,,,
"canidé",,"kanide",,,"N",,"M","dazive ",,,,,,,
"canine",,"kanin",,,"N",,"F","seyago ",,,,,,,
"canon électrique",,"kanon elɛktʁik",,,"N",,"M","cawetu ",,,,,,,
"canoé",,"kanoe",,,"N",,"M","gakapo ",,,,,,,
"caouchou",,"kautʃu",,,"N",,"M","wekawo ",,,,,,,
"cap",,"kap",,,"N",,"M","jijotu ",,,,,,,
"carbone",,"kaʁbɔn",,,"N",,"M","sicupe ",,,,,,,
"carcajou",,"kaʁkaʒu",,,"N",,"M","sotali ",,,,,,,
"caress-",,"kaʁɛs-",,,"V","@-er","DO","gunoqo ",,,,,,,
"carnivore",,"kaʁnivɔʁ",,,"AN",,,"tuyevu ",,,,,,,
"carotte",,"kaʁɔt",,,"N",,"F","morocu ",,,,,,,
"carte d’identité",,"kaʁt didɑ͂tite",,,"N",,"F","zapazu ",,,,,,,
"carte",2,"kaʁt",,,"N",,"F","teruki ",,,,,,,
"cartilage",,"kaʁtilaʒ",,,"N",,"M","resere ",,,,,,,
"carton",,"kaʁtɔ͂",,,"N",,"M","cipiqa ",,,,,,,
"cascade",,"kaskad",,,"N",,"F","walavu ",,,,,,,
"casque",,"kask",,,"N",,"M","ranini ",,,,,,,
"cauchemard",,"kɔʃmaʁ",,,"N",,"M","yazolu ",,,,,,,
"cauchemardesque",,"kɔʃmaʁdɛsk",,,"AN",,,,,,,,,,
"ceinture",,"sɛ͂tyʁ",,,"N",,"F","nojufe ",,,,,,,
"centaur",,"sɑ͂tɔʁ",,,"N",,"M","woceli ",,,,,,,
"cerveau",,"seʁvo",,,"N",,"M","rubiku ",,,,,,,
"chaine",1,"ʃɛn",2,,"N",,"F","foqale ",,,,,,,
"chaise",,"ʃɛz",,,"N",,,"zunoko ",,,,,,,
"chaise à bascule",,"ʃɛz a baskyl",,,"N",,"F","wowucu ",,,,,,,
"champignon",1,"ʃɑ͂pinjɔ͂",,,"N",,"M","hifuno ",,,,,,,
"champignon",2,"ʃɑ͂pinjɔ͂",,,"N",,"M","qocuja ",,,,,,,
"chant-",,"ʃɑ͂t",,,"V","@-er","DO","potubo ",,,,,,,
"chapeau",,"ʃapo",,,"N",,"M","riqawe ",,,,,,,
"charbon",,"ʃaʁbɔ͂",,,"N",,"M","keyobu ",,,,,,,
"chat",,"ʃa",,,"N",,"M","fufuki ",,,,,,,
"chaussette",,"ʃosɛt",,,"N",,"F","zoqudi ",,,,,,,
"chausson",,"ʃosɔ͂",,,"N",,"M","yokine ",,,,,,,
"chaussure",,"ʃosyʁ",,,"N",,"F","sehuki ",,,,,,,
"chaine de montanges",,"ʃɛn dø mɔ͂tanj",,,"N",,"F","yagiza ",,,,,,,
"chenille",2,"ʃønij",,,"N",,"F","wokutu ",,,,,,,
"cheval",,"ʃøval",,,"N",,"M","qibawe ",,,,,,,
"cheveu",,"ʃøvø",,,"N",,"M","kahozi ",,,,,,,
"cheville",,"ʃøvij",,,"N",,"F","niwira ",,,,,,,
"chien",,"ʃjɛ͂",,,"N",,"M","yobanu ",,,,,,,
"chien de prairie",,"ʃjɛ͂ dø pʁɛʁi",,,"N",,"M","dupusu ",,,,,,,
"chien-loup",,"ʃjɛ͂lu",,,"N",,"M","giteni ",,,,,,,
"chimère",1,"ʃimɛʁ",,,"N",,"F","gagule ",,,,,,,
"chlore",,"klɔʁ",,,"N",,"M","gizohi ",,,,,,,
"chocolat",,"ʃokola",,,"N",,"M","zakemo ",,,,,,,
"chose",1,"ʃɔz",,,"N",,"F","gisiwu ",,,,,,,
"choux",,"ʃu",,,"N",,"M","babuto ",,,,,,,
"chrome",,"kʁɔm",,,"N",,"M","gegogi ",,,,,,,
"chronomètre",,"kʁonomɛtʁ",,,"N",,"M","wicijo ",,,,,,,
"chèvre",,"ʃɛvʁ",,,"N",,"F","zajaki ",,,,,,,
"chêne",1,"ʃɛn",1,,"N",,"M","wepuze ",,,,,,,
"ciel",1,"sjel",1,,"N",,"M","zayawa ",,,,,,,
"cigarette",,"sigaʁɛt",,,"N",,"F","jadadi ",,,,,,,
"cil",,"sil",,,"N",,"M","kocedo ",,,,,,,
"ciment",,"simɑ͂",,,"N",,"M","narode ",,,,,,,
"cire",,"siʁ",,,"N",,"F","wapube ",,,,,,,
"cire d’abeille",,"siʁ dabɛj",,,"N",,"F","zonoba ",,,,,,,
"citrouille",,"sitʁuj",,,"N",,"F","zihowi ",,,,,,,
"clavier",,"klavje",,,"N",,"M","lebuci ",,,,,,,
"clign-",,"klinj",,,"V","@-er","DO!","fegori ",,,,,,,
"clitoris",,"klitoʁis",,,"N",,"M","kemobe ",,,,,,,
"cloaque",,"kloak",,,"N",,"M","mekoda ",,,,,,,
"clé",,"kle",,,"N",,"F","telipi ",,,,,,,
"cobalt",,"kobalt",,,"N",,"M","gocuno ",,,,,,,
"coccinelle",,"koksinel",,,"N",,"F","ledohu ",,,,,,,
"cochon",,"koʃɔ͂",,,"N",,"M","bogiri ",,,,,,,
"coin",,"kwɛ͂",,,"N",,"M","getaru ",,,,,,,
"colline",,"kolin",,,"N",,"F","fesanu ",,,,,,,
"colon",,"kolɔ͂",,,"N",,"M","diqadi ",,,,,,,
"combat",,"kɔ͂ba",,,"N",,"M",,,,,,,,
"combat-",,"kɔ͂ba",,,"V","@-tre @pre","DO","qifesi ",,,,,,,
"combatt-",,"kɔ͂bat-",,,,,,,,,,,,,
"commenc-",,"komɑ͂s",,,"V","@-er @ç",,"nobawe ",,,,,,,
"commerc-",,"komɛʁs",,,"V","@-er @ç",,,,,,,,,
"communauté",,"komynote",,,"N",,"F","maropa ",,,,,,,
"comprendre",,"kɔ͂pʁɑ͂dʁ",,,"V",,"DO","cimana ",,,,,,,
"concombre",,"kɔ͂kɔ͂bʁ",,,"N",,"M","dajuba ",,,,,,,
"congélateur",,"kɔ͂ʒelatœʁ",,,"N",,"M","cezibi ",,,,,,,
"connaître",,"konɛtʁ",,,"V",,"DO","ciboya ",,,,,,,
"conteneur",,"kɔ͂tønœʁ",,,"N",,"M","mipihu ",,,,,,,
"contenir",,"kɔ͂tønir",,,"V","@INF",,,,,,,,,
"contien-",,"kɔ͂tjɛ͂",,,"V","@FIN-nir",,,,,,,,,
"continent",,"kɔ͂tinɑ͂",,,"N",,"M","kimece ",,,,,,,
"control-",1,"kɔ͂tʁol",,,"V","@-er","DO","pocofe ",,,,,,,
"coquille",,"kokij",,,"N",,"F","micuwu ",,,,,,,
"corne",,"kɔʁn",,,"N",,"F","mivawi ",,,,,,,
"corps",,"kɔʁ",,,"N",,"M","tezoze ",,,,,,,
"cou",,"ku",,,"N",,"M","yidima ",,,,,,,
"couche",,"kuʃ",,,"N",,"F","dufiqa ",,,,,,,
"coude",,"kud",,,"N",,"M","fiyovu ",,,,,,,
"cougar",,"kuɡaʁ",,,"N",,"M","hegilo ",,,,,,,
"coul-",,"kul",,,"V","@-er",,"danake ",,,,,,,
"coul-",,"kul",,,"V","@-er",,"tutiwu ",,,,,,,
"courgette",,"kuʁʒɛt",,,"N",,"F","zumuva ",,,,,,,
"cour-",,"kuʁ",,,"V","@-ir",,"hoyogi ",,,,,,,
"coussinet",,"kusinɛ",,,"N",,"M","lunife ",,,,,,,
"couteau",,"kuto",,,"N",,"M","pamizi ",,,,,,,
"couvercle",,"kuvɛʁkl",,,"N",,"M","jiduka ",,,,,,,
"crach-",9,"kʁaʃ",,,"V","@-er","DO","vufahe ",,,,,,,
"cranié",,"kʁanje",,,"N",,"M","bubaye ",,,,,,,
"crin",,"kʁɛ͂",,,"N",,"M",,,,,,,,
"crinière",,"kʁinjɛʁ",,,"N",,"F","sodese ",,,,,,,
"croc",,"kʁo",,,"N",,"M","noriwi ",,,,,,,
"crocodile",,"kʁokodil",,,"N",,"M","lekuri ",,,,,,,
"crotale",,"kʁotal",,,"N",,"M","piqago ",,,,,,,
"crustacé",,"kʁystase",,,"N",,"M","sigivi ",,,,,,,
"crâne",,"kʁan",,,"N",,"M","heqegu ",,,,,,,
"cuillère",,"kyjɛʁ",,,"N",,"F","cudalo ",,,,,,,
"cuillère à café",,"kyjɛʁ a kafe",,,"N",,"F","sazahu ",,,,,,,
"cuivre",,"kɥivʁ",,,"N",,"M","muyulo ",,,,,,,
"culture",,"kyltyʁ",,,"N",,"F de","negewo 21",,,,,,,
"côte",,"kɔt",,,"N",,"F","newaza ",,,,,,,
"cœur",,"kœʁ",,,"N",,"M","cizehu ",,,,,,,
"demain",,"dømɛ͂",,,"AV",,,"yekaro ",,,,,,,
"dent",,"dɑ͂",,,"N",,"F","yapahi ",,,,,,,
"descend-",,"dɛsɑ͂",,,"V","@-dre",,"duwise ",,,,,,,
"diamant",,"djamɑ͂",,,"N",,"M","qeyuwi ",,,,,,,
"digitigrade",,"diʒitiɡʁad",,,"N","@=","M","mokola ",,,,,,,
"digitigrade",,"diʒitiɡʁad",,,"AN","@=",,"mokola ",,,,,,,
"digér-",,"diʒEʁ",,,"V","@-er","DO","buliki ",,,,,,,
"dimanche",,"dimɑ͂ʃ",,,"N",,"M","kilesi ",,,,,,,
"dinosaure",,"dinozɔʁ",,,"N",,"M","newala ",,,,,,,
"doigt",,"dwa",,,"N",,"M","fenube ",,,,,,,
"doigt de pied",,"dwa dø pje",,,"N",,"M","tabuze ",,,,,,,
"donn-",,"don",,,"V","@-er","DO à","jubaku 132",,,,,,,
"dophin",,"dofɛ͂",,,"N",,"M","defuyi ",,,,,,,
"dormi-",,"dɔʁmi",,,"V",,,"sevudo ",,,,,,,
"dor-",,"dɔʁ",,,"V",,,,,,,,,,
"dos",,"do",,,"N",,"M","joveta ",,,,,,,
"douleur",,"dulœʁ",,,"N",,"F","busoni ",,,,,,,
"dragon",1,"dʁaɡɔ͂",,,"N",,"M","zimoke ",,,,,,,
"drapeau",,"dʁapo",,,"N",,"M","rozase ",,,,,,,
"dune",,"dyn",,,"N",,"F","veteju ",,,,,,,
"dé",,"de",,,"N",,"M","hewizo ",,,,,,,
"défense",,"defɑ͂s",,,"N",,"F","fumuyo ",,,,,,,
"dégluti-",,"deɡlyti",,,"V","@-r",,"dumubo ",,,,,,,
"désert",,"dezɛʁ",,,"N",,"M","fahobo ",,,,,,,
"eau",,"o",,,"N",,"F","seliwa ",,,,,,,
"eau de pluie",,"o dø plɥi",,,"N",,"F","lefame ",,,,,,,
"eau potable",,"o potabl",,,"N",,"F","loyosu ",,,,,,,
"en éruption",,"ɑ͂neʁypsjɔ͂",,,"AN","@=",,"vufupe ",,,,,,,
"enceint",,"ɑ͂sɛ͂",,,"AN","@F-e ★F-t",,"bayabi ",,,,,,,
"enclume",,"ɑ͂klym",,,"N",,"F","bunoma ",,,,,,,
"encore",2,"ɑ͂kɔʁ",,,"AV",,,"bawugi ",,,,,,,
"endoscope",,"ɑ͂doskɔp",,,"N",,"M","vetepu ",,,,,,,
"endroit",,"ɑ͂dʁwa",,,"N",,"M","nohuwa ",,,,,,,
"enfumé",,"ɑ͂fyme",,,"AN",,,,,,,,,,
"enfum-",,"ɑ͂fym",,,"V","@-er",,,,,,,,,
"enfumoir",,"ɑ͂fymwaʁ",,,"N",,"M","hafowi ",,,,,,,
"entonnoire",,"ɑ͂tonwaʁ",,,"N",,"M","dekebo ",,,,,,,
"entre",,"ɑ͂tʁ",,,"PP",,,"howope ",,,,,,,
"enzyme",,"ɑ͂zim",,,"N",,"F","lawigu ",,,,,,,
"escalad-",,"ɛskalad",,,"V","@-er","DO","ruteka ",,,,,,,
"escalier",,"ɛskalje",,,"N",,"M","pulara ",,,,,,,
"escargot",,"ɛskaʁɡo",,,"N",,"M","gocari ",,,,,,,
"esprit",,"ɛspri",,,"N",,"M","tehuwe ",,,,,,,
"essay-",,"esɛj",,,"V","@-er","de+INF","dubanu ",,,,,,,
"estomac",,"ɛstoma",,,"N",,"M","dirado ",,,,,,,
"et",,"e",,,"COO",,,"talage ",,,,,,,
"et",1,"e",,,"NCOO",,,"nawulu ",,,,,,,
"exosquelette",1,"ɛɡzoskølɛt",,,"N",,"M","locuwu ",,,,,,,
"exosquelette",2,"ɛɡzoskølɛt",,,"N",,"M","rurawa ",,,,,,,
"expir-",,"ɛkspiʁ",,,"V","@-er","DO","jobose ",,,,,,,
"explor-",,"ɛksploʁ",,,"V","@-er","DO","pahemo ",,,,,,,
"faire du yoga",,"fɛʁ dy joga",,,"V",,,"kitume ",,,,,,,
"famille",,"famij",,,"N",,"F","morudo ",,,,,,,
"farine",,"faʁin",,,"N",,"F","bopevo ",,,,,,,
"fau-",,"fo",,,"AN","@-x-sse ★F-s",,"maruhe ",,,,,,,
"fenêtre",1,"fønɛtʁ",,,"N",,"F","yoyoba ",,,,,,,
"fer",,"fɛʁ",,,"N",,"M","saneka ",,,,,,,
"feu",,"fø",,,"N",,"M","jaqare ",,,,,,,
"feu de signalisation",,"fø dø sinjalizasjɔ͂",,,"N",,"M","pebino ",,,,,,,
"feuille",,"føjaʒ",,,"N",,"F","zozawe ",,,,,,,
"figue",,"fiɡ",,,"N",,"F","gebuyo ",,,,,,,
"fil",,"fil",,,"N",,"M",,,,,,,,
"filament",,"filamɑ͂",,,"N",,"M",,,,,,,,
"fils",,"fis",,,"N",,"M",,,,,,,,
"filet",1,"filɛ",,,"N",,"M","logulu ",,,,,,,
"fille",,"fij",,,"N",,"F","botage ",,,,,,,
"flamme",,"flam",,,"N",,"F","jenuwi ",,,,,,,
"fleur",,"flœʁ",,,"N",,"F","pazuti ",,,,,,,
"fluor",,"flyɔʁ",,,"N",,"M","behiqi ",,,,,,,
"flèche",1,"flɛʃ",,,"N",,"F","bonete ",,,,,,,
"flûte",,"flyt",,,"N",,"F","sifana ",,,,,,,
"foie",,"fwa",,,"N",,"M","huzuvu ",,,,,,,
"fontaine",,"fɔ͂tɛn",,,"N",,"F","nalesu ",,,,,,,
"forc-",,"fɔʁs",,,"V","@-er","DO à+INF","dafuka ",,,,,,,
"forg-",,"fɔʁʒ",,,"V","@-er","DO","bayari ",,,,,,,
"forêt",,"foʁɛ",,,"N",,"F","suhiwe ",,,,,,,
"fourmie",,"fuʁmi",,,"N",,"F","yawifa ",,,,,,,
"fourrure",1,"fuʁyʁ",,,"N",,"F","yikani ",,,,,,,
"fraise",,"fʁɛz",,,"N",,"F","vojovu ",,,,,,,
"fromage",,"fʁomaʒ",,,"N",,"M","dimeku ",,,,,,,
"front",,"fʁɔ͂",,,"N",,"M","suvima ",,,,,,,
"fruit",,"fʁɥi",,,"N",,"M de","gewuma ",,,,,,,
"fruit",,"fʁɥi",,,"N",,"M","gufoja ",,,,,,,
"frère",,"fʁɛʁ",,,"N",,"M de","zohoye ",,,,,,,
"fumée",,"fyme",,,"N",,"F","sesina ",,,,,,,
"félin",,"felɛ͂",,,"N",,"M","nifuki ",,,,,,,
"fétus",,"fetys",,,"N",,"M","figowa ",,,,,,,
"fœtus",,"fetys",,,"N",,"M","figowa ",,,,,,,
"gamète",,"ɡamɛt",,,"N",,"M","waganu ",,,,,,,
"gant",,"ɡɑ͂",,,"N",,"M","jisofa ",,,,,,,
"garçon",1,"ɡaʁsɔ͂",,,"N",,"M","vevimi ",,,,,,,
"gastéropode",,"ɡasteʁopɔd",,,"N",,"M","laguca ",,,,,,,
"gencive",,"ʒɑ͂siv",,,"N",,"F","zafidu ",,,,,,,
"genou",,"ʒønu",,,"N",,"M","nufawi ",,,,,,,
"giraffe",,"ʒiʁaf",,,"N",,"F","sigoso ",,,,,,,
"glace",,"ɡlas",,,"N",,"F","lunice ",,,,,,,
"glacier",,"ɡlasje",,,"N",,"M","zozomi ",,,,,,,
"glande mammaire",,"ɡlɑ͂d mamɛʁ",,,"N",,"F","tahove ",,,,,,,
"glande thyroide",,"ɡlɑ͂d tiʁoid",,,"N",,"F","cufumu ",,,,,,,
"gland",1,"ɡlɑ͂",,,"N",,"M","palana ",,,,,,,
"globe oculaire",,"ɡlɔb okylɛʁ",,,"N",,"M","lopuva ",,,,,,,
"glouton",,"ɡlutɔ͂",,,"N",,"M","sotali ",,,,,,,
"gorille",,"ɡoʁij",,,"N",,"M","rikawu ",,,,,,,
"gousse d’aïl",,"ɡus daj",,,"N",,"F","nabuyu ",,,,,,,
"gouverner",,"ɡuvɛʁne",,,"V",,"DO","gunuba ",,,,,,,
"graine",,"ɡʁɛn",,,"N",,"F","dorawo ",,,,,,,
"grand frère",,"ɡʁɑ͂ fʁɛʁ",,,"N",,"M de","veliha ",,,,,,,
"grande sœur",,"ɡʁɑ͂d sœʁ",,,"N",,"F de","lukeje ",,,,,,,
"granite",,"ɡʁanit",,,"N",,"M","getika ",,,,,,,
"grimp-",,"ɡʁɛ͂p-",,,"V","@-er","DO","ruteka ",,,,,,,
"grippe",,"ɡʁip",,,"N",,"F","kulimo ",,,,,,,
"gris",,"ɡʁi",,,"AN","@F-e ★F-z",,"kukihu ",,,,,,,
"groupe",,"ɡʁup",,,"N",,"M de","zeluwi ",,,,,,,
"guitare",,"ɡitaʁ",,,"N",,"F","fayuba ",,,,,,,
"guèpe",,"ɡɛp",,,"N",,"F","donala ",,,,,,,
"guépard",,"ɡepaʁ",,,"N",,"M","keneya ",,,,,,,
"gâteau",,"ɡato",,,"N",,"M","higovu ",,,,,,,
"géant",,"ʒeɑ͂",,,"N",,"M","bifoge ",,,,,,,
"hanche",,"aʃ",,,"N",,"F H","dupaki ",,,,,,,
"haricot vert",,"aʁiko vɛʁ",,,"N",,"M H","lepile ",,,,,,,
"haricot",1,"aʁiko",,,"N",,"M H","lafimu ",,,,,,,
"harmonica",,"aʁmonika",,,"N",,"M","wufoye ",,,,,,,
"harpe",,"aʁp",,,"N",,"F H","lozimu ",,,,,,,
"herbe",,"ɛʁb",,,"N",,"F","sosudi ",,,,,,,
"herbivore",,"ɛʁbivɔʁ",,,"AN","@=",,"beyuno ",,,,,,,
"heureux",,"øʁø",,,"AN","@-x-se ★-z",,"fiyezu ",,,,,,,
"hier",,"jɛʁ",,,"AV",,,"gumeki ",,,,,,,
"hippobosque",,"ipobɔsk",,,"N",,"F","qafece ",,,,,,,
"hippopotame",,"ipopotam",,,"N",,"M","vofufe ",,,,,,,
"histoire",,"istwaʁ",,,"N",,"F","sewema ",,,,,,,
"hiène tachetée",,"jɛn taʃte",,,"N",,"F","getige ",,,,,,,
"homme",3,"ɔm",,,"N",,"M","powoko ",,,,,,,
"horizon",,"oʁizɔ͂",,,"N",,"M","wetafu ",,,,,,,
"huile",,"ɥil",,,"N",,"F","bofecu ",,,,,,,
"humain",,"ymɛ͂",,,"N",,"M","wayami ",,,,,,,
"humain",1,"ymɛ͂",,,"N",,"M","powoko ",,,,,,,
"hydrogène",,"idʁoʒɛn",,,"N",,"M","letuto ",,,,,,,
"hyène",,"jɛn",,,"N",,"F","nulofa ",,,,,,,
"hélicoptère",,"elikoptɛʁ",,,"N",,"M","sufobe ",,,,,,,
"hélium",,"eljɔm",,,"N",,"M","cukoho ",,,,,,,
"hérisson",,"eʁisɔ͂",,,"N",,"M H","sunemi ",,,,,,,
"iceberg",,"ajsbɛʁɡ",,,"N",,"M","nurezu ",,,,,,,
"illumin-",,"ilymin-",,,"V","@-er","DO","yogile ",,,,,,,
"incisive",,"ɛ͂siziv",,,"N",,"F","kemovo ",,,,,,,
"inond-",,"inɔ͂d-",,,"V","@-er","DO","mogiqu ",,,,,,,
"insectivore",,"ɛ͂sɛktivɔʁ",,,"AN","@=",,"gedize ",,,,,,,
"inspir-",,"ɛ͂spiʁ-",,,"V","@-er","DO","weleye ",,,,,,,
"instrument de musique",,"ɛ͂stʁymɑ͂ dø myzik",,,"N",,"M","momofo ",,,,,,,
"jaune",,"ʒɔn",,,"AN",,,"putovo ",,,,,,,
"je",,"ʒø",,,"PRO",,,"lukayu ",,,,,,,
"jeter",,"ʒøte",,,"V",,"DO","dilere ",,,,,,,
"jeudi",,"ʒødi",,,"N",,"M","fiberi ",,,,,,,
"joue",,"ʒu",,,"N",,"F","vifeye ",,,,,,,
"jouet",,"ʒuɛ",,,"N",,"M","badiqo ",,,,,,,
"jungle",,"ʒɛ͂ɡl",,,"N",,"F","voqibu ",,,,,,,
"justifi-",,"ʒystifj-",,,"V","@-er","DO","zodahe ",,,,,,,
"katana",,"katana",,,"N",,"M","qonefi ",,,,,,,
"koala",,"koala",,,"N",,"M","pikato ",,,,,,,
"krypton",,"kʁiptɔ͂",,,"N",,"M","ciyuyi ",,,,,,,
"lac",,"lak",,,"N",,"M","watanu ",,,,,,,
"laiton",,"lɛtɔ͂",,,"N",,"M","zisawi ",,,,,,,
"laitue",,"lɛty",,,"N",,"F","yavove ",,,,,,,
"laitue cultivée",,"lɛty kɥivʁe",,,"N",,"F","zagari ",,,,,,,
"lame",,"lam",,,"N",,"F","kuqonu ",,,,,,,
"lampe",,"lɑ͂p",,,"N",,"F","guhaqu ",,,,,,,
"lance",,"lɑ͂s",,,"N",,"F","luhepi ",,,,,,,
"langage",,"lɑ͂ɡaʒ",,,"N",,"M","lasofe ",,,,,,,
"langue",1,"lɑ͂ɡ",,,"N",,"F","rofoga ",,,,,,,
"langue",2,"lɑ͂ɡ",,,"N",,"F","lasofe ",,,,,,,
"lapin",,"lapɛ͂",,,"N",,"M","tagaze ",,,,,,,
"larme",,"laʁm",,,"N",,"F","piwunu ",,,,,,,
"larynx",,"laʁɛ͂ks",,,"N",,"M","hehoze ",,,,,,,
"lav-",,"lav",,,"V","@-er","DO","ciyote ",,,,,,,
"le monde réel",,"lø mɔ͂d ʁeɛl",,,"DP",,,"bumizi ",,,,,,,
"lettre",,"lɛtʁ",,,"N",,"F","jewuve ",,,,,,,
"liane",,"ljan",,,"N",,"F","segopu ",,,,,,,
"licorne",,"likɔʁn",,,"N",,"F","zemama ",,,,,,,
"lieu",,"ljø",,,"N",,"M","nohuwa ",,,,,,,
"ligament",,"liɡamɑ͂",,,"N",,"M","puviru ",,,,,,,
"limace",,"limas",,,"N",,"F","woguro ",,,,,,,
"lit",,"li",,,"N",,"M","dufiqa ",,,,,,,
"lithium",,"litjɔm",,,"N",,"M","yalisu ",,,,,,,
"lithosphère",,"litosfɛʁ",,,"N",,"F","fekali ",,,,,,,
"livre",,"livʁ",,,"N",,"M","vijutu ",,,,,,,
"loup",,"lu",,,"N",,"M","kewabe ",,,,,,,
"loup gris",,"lu ɡʁi",,,"N",,"M","kemara ",,,,,,,
"lundi",,"lɛ͂di",,,"N",,"M","luzuhe ",,,,,,,
"lunettes",,"lynɛt",,,"N",,"F PL","zivumo ",,,,,,,
"lèvre",,"lɛvʁ",,,"N",,"F","fazazu ",,,,,,,
"lèvre",,"lɛvʁ",,,"N",,"F","suruti ",,,,,,,
"léopard",,"leopaʁ",,,"N",,"M","lafeqe ",,,,,,,
"lépidoptère",,"lepidoptɛʁ",,,"N",,"M","zalina ",,,,,,,
"l’afrique",,,,,"DP",,,"yosega ",,,,,,,
"l’amérique du nord",,,,,"DP",,,"qavobu ",,,,,,,
"l’amérique du sud",,,,,"DP",,,"tomusu ",,,,,,,
"l’asie",,,,,"DP",,,"fiwoye ",,,,,,,
"l’australie",,,,,"DP",,,"satuwu ",,,,,,,
"l’eurasie",,,,,"DP",,,"jeweno ",,,,,,,
"l’univers",,,,,"DP",,,"hisabo ",,,,,,,
"machine",,"maʃin",,,"N",,"F","zabuqo ",,,,,,,
"machine à laver",,"maʃin a lave",,,"N",,"F","ranimo ",,,,,,,
"machine à écrire",,"maʃin a ekʁiʁ",,,"N",,"F","ticoke ",,,,,,,
"machoire",,"maʃwaʁ",,,"N",,"F","jiyime ",,,,,,,
"magnésium",,"manjezjɔm",,,"N",,"M","cahugi ",,,,,,,
"main",,"mɛ͂",,,"N",,"F","tehihi ",,,,,,,
"maintenant",,"mɛ͂tønɑ͂",,,"AV",,,"nibeyo ",,,,,,,
"mais",,"mɛ",,,"COO",,,"buvune ",,,,,,,
"maison",,"mɛzɔ͂",,,"N",,"F","detume ",,,,,,,
"malade",,"malad",,,"AN","@=",,"kiyadu ",,,,,,,
"mammifère",,"mamifɛʁ",,,"N",,"M","wohuti ",,,,,,,
"manganèse",,"mɑ͂ɡanɛz",,,"N",,"M","matuke ",,,,,,,
"mang-",,"mɑ͂ʒ",,,"V","@-er","DO","qayiho ",,,,,,,
"marche",,"maʁʃ","N1",,"N",,"F",,,,,,,,
"marche",,"maʁʃ","N2",,"N",,"F",,"⸨d’escalier⸩",,,,,,
"march-",,"maʁʃ","V1",,"V","@-er",,"qetufo ",,,,,,,
"march● à reculon",,"maʁʃ● a ʁøkylɔ͂",,,"V",,,"dezoka ",,,,,,,
"mardi",,"maʁdi",,,"N",,"M","qeyawe ",,,,,,,
"marteau",,"maʁto",,,"N",,"M","takupe ",,,,,,,
"marécage",,"maʁekaʒ",,,"N",,"M","zayaze ",,,,,,,
"masque",,"mask",,,"N",,"M","voyofo ",,,,,,,
"matelas",,"matla",,,"N",,"M","sakumi ",,,,,,,
"maïs",,"mais",,,"N",,"M","hojika ",,,,,,,
"membrane",,"mɑ͂bʁan",,,"N",,"F","leyahu ",,,,,,,
"membre",,"mɑ͂bʁ",,,"N",,"M","mewoyo ",,,,,,,
"ment-",,"mɑ͂-",,,"V","@-ir","à","fimafa ",,,,,,,
"menton",,"mɑ͂tɔ͂",,,"N",,"M","piralo ",,,,,,,
"mer",,"mɛʁ",,,"N",,"F",,,,,,,,
"mer de nuages",,"mɛʁ dø nyaʒ",,,"N",,"F","zinifa ",,,,,,,
"mercredi",,"mɛʁkʁødi",,,"N",,"M","jabeqi ",,,,,,,
"mercure",,"mɛʁkyʁ",,,"N",,"M","hagodu ",,,,,,,
"met-",,"mɛ-",,,"V","@-tre @pre","DO dans","jajiva ",,,,,,,
"microphone",,"mikʁofɔn",,,"N",,,"tupeti ",,,,,,,
"miel",,"mjel",,,"N",,"M","wilawi ",,,,,,,
"minute",,"minyt",,,"N",,"F","sudoyu ",,,,,,,
"miroire",,"miʁwaʁ",,,"N",,"M","poyoka ",,,,,,,
"molaire",,"molɛʁ",,,"N",,"F","laruko ",,,,,,,
"mollusque",,"molysk",,,"N",,"M","fayuke ",,,,,,,
"montagne",,"mɔ͂tanj",,,"N",,"F","pobufe ",,,,,,,
"mont-",,"mɔ͂t-",,,"V","@-er",,"navoyi ",,,,,,,
"montgolfière",,"mɔ͂ɡɔlfjɛʁ",,,"N",,"F","buqova ",,,,,,,
"morse",,"mɔʁs",,,"N",,"M","bumase ",,,,,,,
"mort",,"mɔʁ",,,"AN","@-e ★-t",,"hutavu ",,,,,,,
"mort",1,"mɔʁ",,,"AN","@-e ★-t",,"miqimi ",,,,,,,
"mot",,"mo",,,"N",,"M",,,,,,,,
"moteur",,"motøʁ",,,"N",,"M","bomise ",,,,,,,
"mouche",,"muʃ",,,"N",,"F","zijiku ",,,,,,,
"mouchoire",,"muʃwaʁ",,,"N",,"M","qowibi ",,,,,,,
"moustache",,"mustaʃ",,,"N",,"F","boqade ",,,,,,,
"moustique",,"mustik",,,"N",,"M","ruziqo ",,,,,,,
"mouton",,"mutɔ͂",,,"N",,"M","tenifo ",,,,,,,
"muqueuse",,"mykøz",,,"N",,"F","silawo ",,,,,,,
"musaraigne",,"myzaʁɛnj",,,"N",,"F","punora ",,,,,,,
"muscle",,"myskl",,,"N",,"M","helaqo ",,,,,,,
"museau",,"myzo",,,"N",,"M","newana ",,,,,,,
"mygale",,"miɡal",,,"N",,"F","lusise ",,,,,,,
"mâch-",,"maʃ-",,,"V","@-er","DO","pifefa ",,,,,,,
"médicament",,"medikamɑ͂",,,"N",,"M","vopuri ",,,,,,,
"mérit-",,"meʁit-",,,"V","@-er","DO","naleki ",,,,,,,
"métal",,"metal",,,"N",,"M","bibana ",,,,,,,
"même",,"mɛm",,,"FOC",,,"lowaza ",,,,,,,
"nageoire",,"naʒwaʁ",,,"N",,"F","hativu ",,,,,,,
"narine",,"naʁin",,,"N",,"F","witaso ",,,,,,,
"ne … pas",,,,,"POLAR",,,"maruhe ",,,,,,,
"nerf",,"nɛʁ",,,"N",,"M","pimehe ",,,,,,,
"nez",,"ne",,,"N",,"M","tuhoji ",,,,,,,
"nickel",,"nikel",,,"N",,"M","nizako ",,,,,,,
"niveau",2,"nivo",,,"N",,"M","makupa ",,,,,,,
"noir",,"nwaʁ",,,"AN","@-e",,"nosune ",,,,,,,
"noisette",,"nwazɛt",,,"N",,"F",,,,,,,,
"noisettier",,"nwazøtje / nwastje",,,"N",,"M","qahibe ",,,,,,,
"noix",,"nwa",,,"N",,"F","gewuma ",,,,,,,
"nombril",,"nɔ͂bʁil",,,"N",,"M","yucibi ",,,,,,,
"noyer",,"nwaje",,,"N",,"M","cehagu ",,,,,,,
"nuage",,"nɥaʒ",,,"N",,"M","noneyi ",,,,,,,
"néon",,"neɔ͂",,,"N",,"M","ticula ",,,,,,,
"ognion",,"onjɔ͂",,,"N",,"M","zepuqu ",,,,,,,
"oiseau",,"wazo",,,"N",,"M","daliwe ",,,,,,,
"okapi",,"okapi",,,"N",,"M","qofehi ",,,,,,,
"olive",,"oliv",,,"N",,"F","kuwevo ",,,,,,,
"ongulé",,"ɔ͂ɡyle",,,"N",,"M","kiwaza ",,,,,,,
"or",,"ɔʁ",,,"N",,"M","qedipu ",,,,,,,
"orange",1,"oʁɑ͂ʒ",,,"N",,"F","ceyawa",,,,,,,
"orange",2,"oʁɑ͂ʒ",,,"AN",,,"jigeho ",,,,,,,
"orbite",,"ɔʁbit",,,"N",,"M","varigu ",,,,,,,
"ordinateur",,"ɔʁdinatœʁ",,,"N",,"M","futeyu ",,,,,,,
"ordinateur portable",,"ɔʁdinatœʁ pɔʁtabl",,,"N",,"M","jowaya ",,,,,,,
"oreille",,"oʁɛj",,,"N",,"F","qiceva ",,,,,,,
"oreiller",,"oʁeje",,,"N",,"M","dodemu ",,,,,,,
"organe",,"ɔʁɡan",,,"N",,"M","rikopi ",,,,,,,
"ortie",,"ɔʁti",,,"N",,"F","suqedi ",,,,,,,
"os",1,,,,"N",,"M","hobewe ",,,,,,,
"os",2,,,,"N",,"M","tamoya ",,,,,,,
"otruche",,"otʁyʃ",,,"N",,"F","rahubi ",,,,,,,
"ou",,"u",,,"COO",,,"zarowi ",,,,,,,
"oui",,"wi",,,"ANSW",,,"tunabe ",,,,,,,
"ours",,"uʁs",,,"N",,"M","bajasu ",,,,,,,
"ovaire",,"ovɛʁ",,,"N",,"M","cacedi ",,,,,,,
"ovule",,"ovyl",,,"N",,"M","qosaqe ",,,,,,,
"oxygène",,"oksiʒɛn",,,"N",,"M","veqile ",,,,,,,
"ozone",,"ozɔn",,,"N",,"M","yoweco ",,,,,,,
"page",,"paʒ",,,"N",,"F","raweje ",,,,,,,
"pain",,"pɛ͂",,,"N",,"M","mawofe ",,,,,,,
"pain",,"pɛ͂",,,"N",,"M","hiwofe ",,,,,,,
"palais",,"palɛ",,,"N",,"M","wegofu ",,,,,,,
"pancréas",,"pɑ͂kʁea",,,"N",,"M","gilegi ",,,,,,,
"pangolin",,"pɑ͂ɡolɛ͂",,,"N",,"M","jizope ",,,,,,,
"panneau photovoltaïque",,"pano fotovɔltaik",,,"N",,"M","sohumo ",,,,,,,
"panneau solaire",,"pano solɛʁ",,,"N",,"M","sohumo ",,,,,,,
"pantalon",,"pɑ͂talɔ͂",,,"N",,"M","johoqi ",,,,,,,
"pantalon",,"pɑ͂talɔ͂",,,"N",,"M","fehuci ",,,,,,,
"papier",,"papje",,,"N",,"M","ditifu ",,,,,,,
"papillon",,"papijɔ͂",,,"N",,"M","zalina ",,,,,,,
"parasol",,"paʁasɔl",,,"N",,"M","gewina ",,,,,,,
"parl-",1,"paʁl",,,"V","@-er","à","juweku ",,,,,,,
"parpaing",1,"paʁpɛ͂",,,"N",,"M","piqome ",,,,,,,
"parpaing",2,"paʁpɛ͂",,,"N",,"M","wafagu ",,,,,,,
"participer",,,,,"V",,"à","gutime ",,,,,,,
"pastèque",,,,,"N",,"F","walaji ",,,,,,,
"patate",,,,,"N",,"F","guluna ",,,,,,,
"patate douce",,,,,"N",,"F","dafoli ",,,,,,,
"paume",,"pɔm",1,,"N",,"F","legota ",,,,,,,
"paupière",,"popjɛʁ",,,"N",,"F","cucuzi ",,,,,,,
"pays",,"pei",,,"N",,"M","jitoke ",,,,,,,
"peau",,"po",1,,"N",,"F","zowima ",,,,,,,
"pelle",,"pɛl",,,"N",,"F","rapulu ",,,,,,,
"pente",,,,,"N",,"F","nedaza ",,,,,,,
"percer",,,,,"V",,"DO","neqite ",,,,,,,
"perdu",,,,,"AN",,,"vigaba ",,,,,,,
"perroquet",,,,,"N",,"M","rutuhu ",,,,,,,
"personne",,,,,"N",,"F","jagoce ",,,,,,,
"peste",,,,,"N",,"F","cifari ",,,,,,,
"petit frère",,,,,"N",,"M de","vodeli ",,,,,,,
"petite sœur",,,,,"N",,"F de","ludije ",,,,,,,
"phosphore",,,,,"N",,"M","tuwaro ",,,,,,,
"photo",,,,,"N",,"F","hibegi ",,,,,,,
"photographie",,,,,"N",,"F","hibegi ",,,,,,,
"photon",,,,,"N",,,"samoza ",,,,,,,
"piano",,,,,"N",,"M","pepiyi ",,,,,,,
"pie",,,,,"N",,"F","yedare ",,,,,,,
"pied",,,,,"N",,"M","dalibe ",,,,,,,
"pied de tomate",,,,,"N",,"M","yodava ",,,,,,,
"pierre",,,,,"N",,"F","takupa ",,,,,,,
"pierre",,,,,"N",,"F","huloma ",,,,,,,
"pin",,,,,"N",,"M","nafara ",,,,,,,
"pince",,,,,"N",,"F","puguso ",,,,,,,
"pincer",,,,,"V²",,,"coqefe ",,,,,,,
"piquer",,,,,"V",,"DO","dodoqa ",,,,,,,
"pisser",,,,,"V",,"DO","gobuvo ",,,,,,,
"pizza",,,,,"N",,"F","hogebu ",,,,,,,
"plage",,,,,"N",,"F","hivode ",,,,,,,
"planche",,,,,"N",,"F","rikoto ",,,,,,,
"plante de pied",,,,,"N",,"F","habewa ",,,,,,,
"plante",1,"plɑ͂t",,,"N",,"F","dayilu ",,,,,,,
"plaque techtonique",,,,,"N",,"F","widewa ",,,,,,,
"plastique",,,,,"N",,"M","giyedo ",,,,,,,
"plume",,,,,"N",,"F","lideyo ",,,,,,,
"pneu",,,,,"N",,"M","tarevo ",,,,,,,
"poche",,,,,"N",,"F","poyogo ",,,,,,,
"poche",,,,,"N",,"M","bivene ",,,,,,,
"poignet",,,,,"N",,"M","kekobo ",,,,,,,
"poil",,"pwal",1,,"N",,"M","howice ",,,,,,,
"poire",,"pwaʁ",,,"N",,"F","loteyo ",,,,,,,
"pokémon",,,,,"N",,"M","bayufa ",,,,,,,
"polire",,,,,"V²",,,"logina ",,,,,,,
"pollen",,,,,"N",,"M","delene ",,,,,,,
"polyèdre",,,,,"N",,"M","gakujo ",,,,,,,
"pomme",,"pɔm",2,,"N",,"F","nahala ",,,,,,,
"pomme de terre",,,,,"N",,"F","guluna ",,,,,,,
"pomper",1,,,,"V²",,,"hakure ",,,,,,,
"pondre",,,,,"V",,"DO","sakubi ",,,,,,,
"pont",,,,,"N",,"M","zoviqa ",,,,,,,
"porte",,,,,"N",,"F","kunida ",,,,,,,
"posséder",1,,,,"V",,"DO","yoguwo ",,,,,,,
"posséder",2,,,,"V",,"DO","pocofe ",,,,,,,
"pot",,"po",2,,"N",,"M","fezofa ",,,,,,,
"potassium",,,,,"N",,"M","neyule ",,,,,,,
"poudre",,,,,"N",,"F","fipayi ",,,,,,,
"poulie",,,,,"N",,"F","tuqeyo ",,,,,,,
"poumon",,,,,"N",,"M","rezodo ",,,,,,,
"pourrir",,,,,"V",,,"nohujo ",,,,,,,
"pousser",,,,,"V",,"DO","yodabi ",,,,,,,
"poêle",,,,,"N",,"F","morawe ",,,,,,,
"poêle",,,,,"N",,"M","tagowu ",,,,,,,
"poêle à bois",,,,,"N",,"M","ribuda ",,,,,,,
"pratiquer",,,,,"V²",,,"qepela ",,,,,,,
"prendre soin",,,,,"V",,"de!","keyepe ",,,,,,,
"prendre",1,,,,"V",,"DO","vahati ",,,,,,,
"primate",,,,,"N",,"M","fesayu ",,,,,,,
"prion",,,,,"N",,"M","vozenu ",,,,,,,
"probable",,,,,"AN",,,"jutoki ",,,,,,,
"produire",,,,,"V",,"DO","wofepu ",,,,,,,
"professeur",,,,,"N",,"M","ciwibe ",,,,,,,
"prostate",,,,,"N",,"F","quqiwi ",,,,,,,
"préférer",,,,,"V",,"DO à","jupuru ",,,,,,,
"préhensile",,,,,"AN",,,"cikuke ",,,,,,,
"prémolaire",,,,,"N",,"F","macaki ",,,,,,,
"présupposer",,,,,"V",,"DO","hokuwu ",,,,,,,
"prêter",,,,,"V",,"DO à","yewuba ",,,,,,,
"puce",,,,,"N",,"F","halawi ",,,,,,,
"puma",,,,,"N",,"M","hegilo ",,,,,,,
"pyjama",,,,,"N",,"M","rapika ",,,,,,,
"pétrir",,,,,"V",,"DO","gonewi ",,,,,,,
"pétrole",,,,,"N",,"M","wolopa ",,,,,,,
"pêcher",,,,,"V",,"DO","legayi ",,,,,,,
"queue",,,,,"N",,"F","fuvika ",,,,,,,
"quitter",,,,,"V",,"DO","sumuda ",,,,,,,
"racine",,,,,"N",,"F","diceva ",,,,,,,
"railgun",,,,,"N",,"M","cawetu ",,,,,,,
"ramper",,,,,"V",,,"bubuja ",,,,,,,
"rat",,,,,"N",,"M","bezeru ",,,,,,,
"rate",,,,,"N",,"F","juzeya ",,,,,,,
"raton laveur",,,,,"N",,"M","tarike ",,,,,,,
"recommencer",,,,,"V¹",,,"casuza ",,,,,,,
"rectum",,,,,"N",,"M","bolume ",,,,,,,
"redémarrer",,,,,"V¹",,,"casuza ",,,,,,,
"refuser",,,,,"VT|VI",,"de+INF","qofido ",,,,,,,
"regarder",,,,,"V",,"DO","gebuze ",,,,,,,
"reigner",,,,,"V",,"sur","gazoga ",,,,,,,
"rein",,,,,"N",,"M","nefako ",,,,,,,
"remercier",,,,,"V",,"DO","cokeyu ",,,,,,,
"remplacer",,,,,"V",,"DO pour","dehefe ",,,,,,,
"renard",,,,,"N",,"M","nerawa ",,,,,,,
"rencontrer",,,,,"V",,"DO","hetosu ",,,,,,,
"replir",,,,,"V",,"DO de","pugafe ",,,,,,,
"requin₁",,,,,"N",,"M","zoriju ",,,,,,,
"respirer",,,,,"V",,,"bosuzu ",,,,,,,
"retourner",,,,,"V",,"à","vetohi ",,,,,,,
"reçu",,,,,"INTJ",,,"wepuva ",,,,,,,
"rhymer",,,,,"V",,"avec","yevasa ",,,,,,,
"rire",,,,,"V",,,"zanoso ",,,,,,,
"rivière",,,,,"N",,"F","zacoye ",,,,,,,
"riz",,,,,"N",,"M","belaya ",,,,,,,
"robot",,,,,"N",,"M","qiyimu ",,,,,,,
"roche",,,,,"N",,"F","takupa ",,,,,,,
"ronfler",,,,,"V",,,"qodebe ",,,,,,,
"rongeur",,,,,"N",,"M","niqoni ",,,,,,,
"rosée",,,,,"N",,,"lufuha ",,,,,,,
"roue",,,,,"N",,"F","risowa ",,,,,,,
"roue dentée",,,,,"N",,"F","piyapu ",,,,,,,
"rouge",,,,,"AN",,,"kukewo ",,,,,,,
"rouille",,,,,"N",,"F","tebivi ",,,,,,,
"rouiller",,,,,"V",,,"fobabi ",,,,,,,
"route",,,,,"N",,"F","tihoqe ",,,,,,,
"ruche",,,,,"N",,"F","sekava ",,,,,,,
"ruche",,,,,"N",,"F","cuhuse ",,,,,,,
"ruche",,,,,"N",,"F","pifomu ",,,,,,,
"rue",,,,,"N",,"F","zuhiku ",,,,,,,
"réfrigirateur",,,,,"N",,"M","lusaya ",,,,,,,
"régurgiter",,,,,"V",,"DO","gawobo ",,,,,,,
"rétine",,,,,"N",,"F","qokequ ",,,,,,,
"réussir",,,,,"VT|VI",,"à+INF","tewuhi ",,,,,,,
"réveillé",,,,,"AN",,,"rewoma ",,,,,,,
"révérer",,,,,"V",,"DO","bapalo ",,,,,,,
"rêver",,,,,"V",,"DO","kahabi ",,,,,,,
"sabot",,,,,"N",,"M","zodaru ",,,,,,,
"sac de couchage",,,,,"N",,"M","resiti ",,,,,,,
"sac poubelle",,,,,"N",,"M","goniyi ",,,,,,,
"saisir",1,,,,"V",,"DO","vahati ",,,,,,,
"saliver",,,,,"V",,,"wilece ",,,,,,,
"saluer",,,,,"V",,"DO","cabuvi ",,,,,,,
"salut",,,,,"INTJ",,,"yuliwe ",,,,,,,
"samedi",,,,,"N",,"M","budala ",,,,,,,
"sang",,,,,"N",,"M","gefore ",,,,,,,
"sanglier",,,,,"N",,"M","higufa ",,,,,,,
"sauvage",,,,,"AN",,,"vinuju ",,,,,,,
"savoir",,,,,"V",,"DO","qipifi ",,,,,,,
"savon",,,,,"N",,"M","capivu ",,,,,,,
"sceau",,,,,"N",,"M","nedamo ",,,,,,,
"scie",,,,,"N",,"F","sumesi ",,,,,,,
"sciseaux",,,,,"NMPL",,,"lesodi ",,,,,,,
"se rétablir",,,,,"VRefl",,,"haloho ",,,,,,,
"sein",,,,,"N",,"M","vuniri ",,,,,,,
"semelle",,,,,"N",,"F","wajecu ",,,,,,,
"seringue",,,,,"N",,"F","wojede ",,,,,,,
"serpent",,,,,"N",,"M","kisudo ",,,,,,,
"serre",,,,,"N",,"F","wezane ",,,,,,,
"serviette",,,,,"N",,"F","peyesi ",,,,,,,
"seul",,,,,"AN",,,"ziyewo ",,,,,,,
"siffler",,,,,"V",,"DO","meruku ",,,,,,,
"similaire",,,,,"AN",,"à","nepuqa ",,,,,,,
"sinus",,,,,"N",,"M","vopuce ",,,,,,,
"smartphone",,,,,"N",,"M","punoye ",,,,,,,
"société",,,,,"N",,"F","maropa ",,,,,,,
"sol",,,,,"N",,"M","gunefe ",,,,,,,
"solstice d’été",,,,,"N",,"M","bakuta ",,,,,,,
"son",,,,,"N",,"M","zuqapi ",,,,,,,
"soupe",,,,,"N",,"F","wecuha ",,,,,,,
"sourcil",,,,,"N",,"M","zilari ",,,,,,,
"souris",1,,,,"N",,"F","mafawe ",,,,,,,
"souris",2,,,,"N",,"F","heqaba ",,,,,,,
"squelette",,,,,"N",,"M","gelaki ",,,,,,,
"structure",,,,,"N",,"F","yimipe ",,,,,,,
"suer",,,,,"V",,"DO","zimazi ",,,,,,,
"suggérer",,,,,"V",,"DO à","neqima ",,,,,,,
"surface",,,,,"N",,"of","wayaze 21",,,,,,,
"surface",,,,,"N",,"F","zidilo ",,,,,,,
"surpasser",,,,,"V",,"DO en","limege ",,,,,,,
"survivre",,,,,"V",,"à","sunoqi ",,,,,,,
"système",,,,,"N",,"M","quwomu ",,,,,,,
"système nerveux",,,,,"N",,"M","kahamo ",,,,,,,
"système vasculaire",,,,,"N",,"M","calosu ",,,,,,,
"sève",,,,,"N",,"F","mucume ",,,,,,,
"sœur",,,,,"N",,"F de","lirevu ",,,,,,,
"s’occuper",,,,,"VRefl",,"de!","keyepe ",,,,,,,
"s’évaporer",,,,,"VRefl",,,"yegali ",,,,,,,
"table",,,,,"N",,"F","yohaye ",,,,,,,
"taille-crayon",,,,,"N",,"M","zozuli ",,,,,,,
"tambour",,,,,"N",,"M","bohute ",,,,,,,
"tank",,,,,"N",,"M","koyala ",,,,,,,
"tapis",,,,,"N",,"M","vovodo ",,,,,,,
"tarte",,,,,"N",,"F","nebido ",,,,,,,
"tendon",,,,,"N",,"M","fapoti ",,,,,,,
"tenir compagnie",,,,,"V",,"à","bitewu ",,,,,,,
"tentacule",,,,,"N",,"F","regara ",,,,,,,
"tente",,,,,"N",,"F","fuyaki ",,,,,,,
"tenter",,,,,"VT|VI",,"de+INF","dubanu ",,,,,,,
"testicule",,,,,"N",,"M","lonuma ",,,,,,,
"thermomètre",,,,,"N",,"M","kituji ",,,,,,,
"thorax",,,,,"N",,"M","jucewu ",,,,,,,
"tigre",,,,,"N",,"M","regiya ",,,,,,,
"tipi",,,,,"N",,"M","yivubu ",,,,,,,
"tiroire",,,,,"N",,"M","lumayu ",,,,,,,
"tomate",,,,,"N",,"F","seruwi ",,,,,,,
"tomatier",,,,,"N",,"M","yodava ",,,,,,,
"torse",,,,,"N",,"M","lukaso ",,,,,,,
"touche",,,,,"N",,"F","wotare ",,,,,,,
"tournevis",,,,,"N",,"M","cowova ",,,,,,,
"trachée",,,,,"N",,"F","kacufe ",,,,,,,
"train",,,,,"N",,"M","tewesa ",,,,,,,
"tricoter",,,,,"V",,"DO","zelipu ",,,,,,,
"tricycle",,,,,"N",,"M","nocawu ",,,,,,,
"trompette",,,,,"N",,"F","getupa ",,,,,,,
"tronçonneuse",,,,,"N",,"F","sogofa ",,,,,,,
"truelle",,,,,"N",,"F","tazoba ",,,,,,,
"tsunami",,,,,"N",,"M","bifune ",,,,,,,
"tubercule",,,,,"N",,"M","fucono ",,,,,,,
"tube",2,,,,"N",,,"juboru ",,,,,,,
"tuer",,,,,"V",,"DO","zicede ",,,,,,,
"télé",,,,,"N",,"F","tizehu ",,,,,,,
"télécommande",,,,,"N",,"F","vijeda ",,,,,,,
"téléphone",,,,,"N",,"M","bifedo ",,,,,,,
"téléphone",,,,,"N",,"M","suzezo ",,,,,,,
"télévision",,,,,"N",,"F","tizehu ",,,,,,,
"téton",,,,,"N",,"M","fesoku ",,,,,,,
"tétraèdre",,,,,"N",,"M","kibula ",,,,,,,
"tête",,,,,"N",,"F","zejeti ",,,,,,,
"tête d’aïl",,,,,"N",,"F","cubaqi ",,,,,,,
"uriner",,,,,"V",,"DO","gobuvo ",,,,,,,
"user",,,,,"V",,"DO","cozeda ",,,,,,,
"utérus",,,,,"N",,"M","nuvoye ",,,,,,,
"vache",,,,,"N",,"F","nivawa ",,,,,,,
"vagin",,,,,"N",,"M","sitobi ",,,,,,,
"vaisseau sanguin",,,,,"N",,"M","bivide ",,,,,,,
"vallée",,,,,"N",,"F","rolani ",,,,,,,
"van",,,,,"N",,"M","zisiqe ",,,,,,,
"veine",,,,,"N",,"F","piwoda ",,,,,,,
"vendredi",,,,,"N",,"M","rasule ",,,,,,,
"ventilateur",,,,,"N",,"M","suhifu ",,,,,,,
"ventre",,,,,"N",,"M","mataje ",,,,,,,
"ver",,,,,"N",,"M","qocewe ",,,,,,,
"verre",1,,,,"N",,"M","gudobu ",,,,,,,
"verre",2,,,,"N",,"M","qeveva ",,,,,,,
"verre",3,,,,"N",,"M","gapona ",,,,,,,
"verrou",,,,,"N",,"M","fukugu ",,,,,,,
"vert",,,,,"AN",,,"ralija ",,,,,,,
"vertèbre",,,,,"N",,"F","wohohu ",,,,,,,
"vessie",,,,,"N",,"F","viqima ",,,,,,,
"vibrisse",,,,,"N",,"F","niruva ",,,,,,,
"vigne",,,,,"N",,"F","filame ",,,,,,,
"vin",,,,,"N",,"M","nenoda ",,,,,,,
"violon",,,,,"N",,"M","zicela ",,,,,,,
"virus",,,,,"N",,"M","nabupa ",,,,,,,
"vis",,,,,"N",,"F","tibage ",,,,,,,
"visage",,,,,"N",,"M","culuke ",,,,,,,
"viscères",,,,,"NFPL",,,"yojufu ",,,,,,,
"visiter",,,,,"V",,"DO","wacuda ",,,,,,,
"vivant",,,,,"AN",,,"yogije ",,,,,,,
"vivre",,,,,"V",,,"viyoho ",,,,,,,
"vivre",,,,,"V",,,"yogije ",,,,,,,
"voir",1,,,,"V",,"DO","zapiyo ",,,,,,,
"voiture",,,,,"N",,"F","yolase ",,,,,,,
"volcan",,,,,"N",,"M","hotuna ",,,,,,,
"voler",,,,,"VI₁",,,"zeduyu ",,,,,,,
"volet",1,,,,"N",,,"zijofu ",,,,,,,
"vomir",,,,,"V",,"DO","gawobo ",,,,,,,
"vrai",,,,,"AN",,,"tunabe ",,,,,,,
"vulve",,,,,"N",,"F","terudi ",,,,,,,
"véhicule",,,,,"N",,"M","tuhoyo ",,,,,,,
"vélo",,,,,"N",,"M","vapewe ",,,,,,,
"vénérer",,,,,"V",,"DO","bapalo ",,,,,,,
"vésicule bilière",,,,,"N",,"F","fitura ",,,,,,,
"yaourt",,,,,"N",,"M","cufogo ",,,,,,,
"yourte",,,,,"N",,"F","yifune ",,,,,,,
"zeppelin",,,,,"N",,"M","zeyeyu ",,,,,,,
"à nouveau",,,,,"AV",,,"bawugi ",,,,,,,
"à propos de",,,,,"P",,,"ruguhu ",,,,,,,
"âne",,,,,"N",,"M","podaqa ",,,,,,,
"écaille",,,,,"N",,"F","jihavo ",,,,,,,
"échelle",,,,,"N",,"F","worino ",,,,,,,
"éclair",,,,,"N",,"F","kalice ",,,,,,,
"écorce",,,,,"N",,"F","gaziwa ",,,,,,,
"écran",,,,,"N",,"M","nazaqi ",,,,,,,
"église",,,,,"N",,"F","coweyi ",,,,,,,
"élever",,,,,"V",,"DO","bimego ",,,,,,,
"élytre",,,,,"N",,"M","wosive ",,,,,,,
"éléphant",,,,,"N",,"M","berape ",,,,,,,
"éolienne",,,,,"N",,"F","navufi ",,,,,,,
"épaule",,,,,"N",,"F","mibuyi ",,,,,,,
"épine",,,,,"N",,"F","qewapi ",,,,,,,
"épée",,,,,"N",,"F","watuta ",,,,,,,
"équidé",,,,,"N",,"M","keqiza ",,,,,,,
"équipe",,,,,"N",,"F","redeke ",,,,,,,
"érable",,,,,"N",,"M","futabi ",,,,,,,
"éroder",,,,,"V",,"DO","cozeda ",,,,,,,
"état",2,,,,"N",,"M","guneme ",,,,,,,
"éteint",,,,,"AN",,,"sowoma ",,,,,,,
"éternuer",,,,,"V",,,"yobezi ",,,,,,,
"étoile",,,,,"N",,"F","nazoce ",,,,,,,
"étudiant",,,,,"N",,"M","tasiqa ",,,,,,,
"étudier",,,,,"V",,"DO","buwabo ",,,,,,,
"éveillé",,,,,"AN",,,"rewoma ",,,,,,,
"évent",,,,,"N",,"M","jizudi ",,,,,,,
"être en lactation",,,,,"V",,,"sikapu ",,,,,,,
"être humain",,,,,"N",,"M","wayami ",,,,,,,
"être humain",,,,,"N",,"M","powoko ",,,,,,,
"île",,,,,"N",,"F","pupima ",,,,,,,
"œuf",,,,,"N",,"M","fuqilo ",,,,,,,
"œuil",,,,,"N",,"M","jovonu ",,,,,,,
